1.5e+11,0,0,26802,1.5e+11,4.82411e+08,-106.2,26802
1.49996e+11,9.64841e+08,-212.396,26801.7,1.49996e+11,1.4474e+09,-318.597,26801.7
1.49989e+11,1.92981e+09,-424.784,26800.6,1.49989e+11,2.41237e+09,-530.985,26800.6
1.49977e+11,2.89475e+09,-637.157,26798.9,1.49977e+11,3.37731e+09,-743.358,26798.9
1.49962e+11,3.85965e+09,-849.506,26796.5,1.49962e+11,4.34209e+09,-955.708,26796.5
1.49943e+11,4.82437e+09,-1061.82,26793.5,1.49943e+11,5.30565e+09,-1168.03,26793.5
1.4992e+11,5.78786e+09,-1274.1,26789.7,1.4992e+11,6.26914e+09,-1380.31,26789.7
1.49893e+11,6.75128e+09,-1486.34,26785.3,1.49893e+11,7.23256e+09,-1592.54,26778.6
1.49862e+11,7.71448e+09,-1698.52,26773.5,1.49862e+11,8.19576e+09,-1804.72,26763.7
1.49828e+11,8.6774e+09,-1910.63,26757.9,1.49828e+11,9.15868e+09,-2016.34,26748.2
1.4979e+11,9.64003e+09,-2122.19,26741.7,1.4979e+11,1.01213e+10,-2228.39,26731.9
1.49748e+11,1.06024e+10,-2334.16,26724.8,1.49666e+11,1.10836e+10,-2440.36,26715
1.4962e+11,1.15644e+10,-2546.16,26707.2,1.49538e+11,1.20456e+10,-2652.36,26697.4
1.49488e+11,1.25261e+10,-2758.18,26688.9,1.49407e+11,1.30073e+10,-2864.39,26679.1
1.49353e+11,1.34874e+10,-2970.22,26669.9,1.49271e+11,1.39687e+10,-3076.42,26660.2
1.49214e+11,1.44484e+10,-3182.27,26650.2,1.49132e+11,1.49297e+10,-3288.47,26640.5
1.49071e+11,1.5409e+10,-3394.31,26629.9,1.48989e+11,1.58903e+10,-3500.51,26620.1
1.48924e+11,1.63692e+10,-3606.34,26608.8,1.48842e+11,1.68505e+10,-3712.54,26599.1
1.48773e+11,1.73291e+10,-3818.36,26587.1,1.48691e+11,1.78104e+10,-3924.56,26577.3
1.48619e+11,1.82885e+10,-4030.35,26564.7,1.48537e+11,1.87698e+10,-4136.08,26554.9
1.48461e+11,1.92475e+10,-4241.84,26541.5,1.48379e+11,1.97288e+10,-4346.82,26531.8
1.48299e+11,2.02061e+10,-4452.53,26517.7,1.48217e+11,2.06874e+10,-4557.51,26505.1
1.48133e+11,2.11643e+10,-4663.18,26490.4,1.48051e+11,2.16455e+10,-4768.16,26470.9
1.47963e+11,2.21217e+10,-4873.77,26455.4,1.47881e+11,2.25939e+10,-4978.75,26435.9
1.4779e+11,2.30694e+10,-5084.29,26419.8,1.47708e+11,2.35405e+10,-5189.27,26400.2
1.47612e+11,2.40154e+10,-5294.75,26383.4,1.4753e+11,2.44864e+10,-5399.73,26363.9
1.47431e+11,2.49606e+10,-5505.12,26346.4,1.47349e+11,2.54317e+10,-5610.1,26326.9
1.47247e+11,2.59052e+10,-5715.42,26308.7,1.47165e+11,2.63763e+10,-5820.4,26289.2
1.47058e+11,2.68491e+10,-5925.61,26270.3,1.46976e+11,2.73202e+10,-6030.59,26250.8
1.46866e+11,2.77923e+10,-6135.71,26231.2,1.46784e+11,2.82634e+10,-6240.69,26211.7
1.4667e+11,2.87348e+10,-6345.7,26191.5,1.46588e+11,2.92059e+10,-6450.68,26171.9
1.4647e+11,2.96766e+10,-6555.57,26151,1.46388e+11,3.01476e+10,-6660.55,26131.5
1.46266e+11,3.06176e+10,-6765.32,26109.9,1.4615e+11,3.10886e+10,-6870.3,26090.4
1.46024e+11,3.15579e+10,-6974.98,26068.1,1.45861e+11,3.20289e+10,-7079.96,26048.6
1.45731e+11,3.24974e+10,-7184.61,26025.6,1.45567e+11,3.29684e+10,-7289.59,26006.1
1.45434e+11,3.34361e+10,-7394.2,25982.4,1.4527e+11,3.39071e+10,-7499.18,25962.9
1.45134e+11,3.4374e+10,-7603.75,25938.5,1.4497e+11,3.48451e+10,-7708.73,25909.2
1.44829e+11,3.5311e+10,-7813.24,25884,1.44665e+11,3.5782e+10,-7918.22,25854.8
1.44521e+11,3.62469e+10,-8022.66,25828.9,1.44357e+11,3.6718e+10,-8127.64,25799.6
1.44209e+11,3.71819e+10,-8232.01,25773.1,1.44045e+11,3.76529e+10,-8334.55,25743.8
1.43893e+11,3.81158e+10,-8438.84,25716.5,1.43729e+11,3.85869e+10,-8541.38,25687.2
1.43574e+11,3.90487e+10,-8645.58,25659.2,1.4341e+11,3.95198e+10,-8748.12,25629.9
1.4325e+11,3.99806e+10,-8852.22,25601.3,1.43087e+11,4.0432e+10,-8954.76,25572
1.42924e+11,4.08918e+10,-9058.76,25542.6,1.4276e+11,4.13424e+10,-9161.3,25513.3
1.42593e+11,4.18011e+10,-9265.2,25483.2,1.42429e+11,4.22516e+10,-9367.74,25453.9
1.42259e+11,4.27092e+10,-9471.53,25423.1,1.42095e+11,4.31598e+10,-9574.07,25393.8
1.41921e+11,4.36163e+10,-9677.74,25362.3,1.41757e+11,4.40669e+10,-9780.28,25333
1.41579e+11,4.45223e+10,-9883.82,25300.8,1.41415e+11,4.49728e+10,-9986.36,25271.5
1.41233e+11,4.54271e+10,-10089.8,25238.6,1.41069e+11,4.58777e+10,-10192.3,25209.4
1.40884e+11,4.63309e+10,-10295.6,25175.8,1.4072e+11,4.67814e+10,-10398.1,25143.7
1.40531e+11,4.72334e+10,-10501.2,25109.4,1.40367e+11,4.7684e+10,-10603.7,25070.3
1.40175e+11,4.81346e+10,-10706.7,25035.3,1.40011e+11,4.85852e+10,-10809.2,24996.3
1.39814e+11,4.90344e+10,-10912,24960.6,1.39651e+11,4.9485e+10,-11014.6,24921.6
1.39451e+11,4.99329e+10,-11117.2,24885.2,1.39287e+11,5.03835e+10,-11219.7,24846.1
1.39083e+11,5.08301e+10,-11322.1,24809.1,1.38882e+11,5.12806e+10,-11424.6,24770
1.38674e+11,5.17258e+10,-11526.9,24732.3,1.38428e+11,5.21764e+10,-11629.5,24693.2
1.38217e+11,5.26201e+10,-11731.6,24654.7,1.37971e+11,5.30707e+10,-11834.2,24615.6
1.37757e+11,5.35131e+10,-11936.2,24576.4,1.37511e+11,5.39636e+10,-12038.8,24537.3
1.37292e+11,5.44046e+10,-12140.7,24497.3,1.37087e+11,5.48531e+10,-12243.2,24458.3
1.36865e+11,5.52926e+10,-12345,24417.5,1.3666e+11,5.57227e+10,-12447.5,24378.5
1.36435e+11,5.61607e+10,-12549.1,24337.1,1.36189e+11,5.65908e+10,-12651.6,24298
1.35959e+11,5.70274e+10,-12753.1,24255.8,1.35713e+11,5.74575e+10,-12855.6,24216.8
1.3548e+11,5.78926e+10,-12956.9,24173.9,1.35235e+11,5.83227e+10,-13059.5,24134.8
1.34998e+11,5.87564e+10,-13160.6,24091.2,1.34752e+11,5.91864e+10,-13263.2,24042.4
1.34511e+11,5.96184e+10,-13364.2,23998,1.34266e+11,6.00485e+10,-13466.7,23949.2
1.34021e+11,6.04788e+10,-13567.5,23904.1,1.33776e+11,6.09088e+10,-13670.1,23855.3
1.33528e+11,6.13374e+10,-13770.7,23809.4,1.33282e+11,6.17675e+10,-13873.3,23760.6
1.3303e+11,6.21943e+10,-13973.7,23714,1.32785e+11,6.26244e+10,-14076.3,23665.2
1.32529e+11,6.30495e+10,-14176.5,23617.9,1.32284e+11,6.34796e+10,-14277.6,23569.1
1.32025e+11,6.3903e+10,-14377.6,23521.1,1.31779e+11,6.43331e+10,-14475.3,23472.3
1.31517e+11,6.47547e+10,-14575.2,23423.5,1.31271e+11,6.51848e+10,-14672.8,23374.7
1.31005e+11,6.56046e+10,-14772.4,23325.2,1.30726e+11,6.60145e+10,-14870.1,23276.4
1.30457e+11,6.64326e+10,-14969.5,23226.2,1.3017e+11,6.68422e+10,-15067.2,23177.3
1.29897e+11,6.72585e+10,-15166.5,23126.4,1.2961e+11,6.76681e+10,-15264.1,23077.5
1.29334e+11,6.80826e+10,-15363.2,23025.8,1.29047e+11,6.84922e+10,-15460.9,22977
1.28767e+11,6.89048e+10,-15559.7,22924.5,1.2848e+11,6.93144e+10,-15657.4,22875.7
1.28197e+11,6.97252e+10,-15756.1,22822.4,1.2791e+11,7.01348e+10,-15853.7,22766.5
1.27623e+11,7.05436e+10,-15952.2,22712.5,1.27336e+11,7.09532e+10,-16049.8,22653.9
1.27045e+11,7.136e+10,-16148.1,22599.2,1.26759e+11,7.17696e+10,-16245.7,22540.6
1.26465e+11,7.21743e+10,-16343.7,22485.1,1.26178e+11,7.25839e+10,-16441.4,22426.5
1.2588e+11,7.29866e+10,-16539.1,22370.3,1.25593e+11,7.33962e+10,-16636.8,22311.7
1.25292e+11,7.37968e+10,-16734.3,22254.7,1.25005e+11,7.42064e+10,-16831.9,22196.1
1.24701e+11,7.46049e+10,-16929.2,22138.4,1.24414e+11,7.50145e+10,-17026.8,22079.8
1.24106e+11,7.54109e+10,-17123.8,22021.3,1.23778e+11,7.58205e+10,-17221.4,21962.8
1.23466e+11,7.62147e+10,-17318.1,21903.5,1.23139e+11,7.66243e+10,-17415.8,21844.9
1.22823e+11,7.70164e+10,-17512.2,21784.9,1.22496e+11,7.7426e+10,-17609.9,21726.3
1.22177e+11,7.7816e+10,-17706.1,21665.5,1.21849e+11,7.8218e+10,-17803.7,21606.9
1.21527e+11,7.86059e+10,-17899.6,21545.4,1.21199e+11,7.89745e+10,-17997.3,21486.8
1.20874e+11,7.93601e+10,-18092.9,21424.4,1.20546e+11,7.97288e+10,-18190.6,21365.8
1.20217e+11,8.01122e+10,-18286,21302.7,1.19889e+11,8.04809e+10,-18383.7,21234.4
1.19557e+11,8.08619e+10,-18478.8,21170.5,1.19229e+11,8.12306e+10,-18576.5,21102.1
1.18893e+11,8.16092e+10,-18671.3,21037.5,1.18565e+11,8.19779e+10,-18769,20969.1
1.18226e+11,8.23542e+10,-18863.6,20903.7,1.17898e+11,8.27228e+10,-18961.3,20835.4
1.17555e+11,8.30966e+10,-19055.5,20769.2,1.17227e+11,8.34653e+10,-19153.2,20700.9
1.16881e+11,8.38367e+10,-19247.2,20633.9,1.16552e+11,8.42053e+10,-19344.9,20565.6
1.16202e+11,8.45743e+10,-19438.5,20497.9,1.15834e+11,8.49429e+10,-19536.2,20429.5
1.1548e+11,8.53094e+10,-19629.6,20361.1,1.15112e+11,8.56781e+10,-19727.2,20292.7
1.14755e+11,8.60421e+10,-19820.3,20223.4,1.14386e+11,8.64107e+10,-19917.9,20155.1
1.14026e+11,8.67722e+10,-20010.7,20085,1.13657e+11,8.71409e+10,-20098.6,20016.6
1.13294e+11,8.74999e+10,-20191,19945.7,1.12925e+11,8.78685e+10,-20278.9,19877.4
1.12559e+11,8.8225e+10,-20371,19805.7,1.1219e+11,8.85937e+10,-20458.9,19737.3
1.1182e+11,8.89477e+10,-20550.7,19664.9,1.11451e+11,8.93163e+10,-20638.5,19596.3
1.11078e+11,8.96677e+10,-20730,19523,1.1071e+11,9.00363e+10,-20817.8,19444.9
1.10333e+11,9.0385e+10,-20908.9,19370.9,1.09965e+11,9.07277e+10,-20996.8,19292.7
1.09585e+11,9.10736e+10,-21087.5,19217.9,1.09216e+11,9.14013e+10,-21175.3,19139.8
1.08834e+11,9.17445e+10,-21265.7,19064.2,1.08465e+11,9.20721e+10,-21353.6,18986.1
1.08079e+11,9.24125e+10,-21443.6,18909.7,1.0771e+11,9.27402e+10,-21531.5,18831.6
1.07321e+11,9.30778e+10,-21621.1,18754.4,1.06912e+11,9.34055e+10,-21709,18676.3
1.06519e+11,9.37402e+10,-21798.3,18598.3,1.0611e+11,9.40679e+10,-21886.2,18520.1
1.05714e+11,9.43998e+10,-21975.1,18441.3,1.05304e+11,9.47275e+10,-22063,18363.2
1.04906e+11,9.50566e+10,-22151.5,18283.5,1.04496e+11,9.53843e+10,-22239.4,18205.4
1.04094e+11,9.57106e+10,-22327.6,18124.9,1.03685e+11,9.60382e+10,-22415.4,18046.8
1.0328e+11,9.63616e+10,-22503.2,17965.5,1.0287e+11,9.66893e+10,-22591.1,17887.4
1.02462e+11,9.70098e+10,-22678.5,17805.3,1.02052e+11,9.73375e+10,-22766.3,17727.2
1.01641e+11,9.76551e+10,-22853.3,17644.2,1.01231e+11,9.79827e+10,-22941.2,17556.3
1.00817e+11,9.82972e+10,-23027.7,17472.6,1.00407e+11,9.86249e+10,-23115.6,17384.7
9.99894e+10,9.89363e+10,-23201.6,17300.2,9.95798e+10,9.9264e+10,-23289.5,17212.3
9.91591e+10,9.95723e+10,-23375.1,17127,9.87495e+10,9.98871e+10,-23463,17039.1
9.83256e+10,1.00192e+11,-23548.2,16953,9.7916e+10,1.00479e+11,-23636,16865.1
9.7489e+10,1.00781e+11,-23720.8,16778.1,9.70794e+10,1.01068e+11,-23808.7,16690.2
9.66493e+10,1.01367e+11,-23892.9,16602.5,9.6199e+10,1.01653e+11,-23980.8,16514.6
9.57658e+10,1.01949e+11,-24064.7,16426,9.53152e+10,1.02236e+11,-24152.6,16338.1
9.4879e+10,1.02528e+11,-24236,16248.7,9.44284e+10,1.02815e+11,-24320.9,16160.8
9.39892e+10,1.03104e+11,-24403.8,16070.5,9.35386e+10,1.03391e+11,-24482,15977.7
9.30964e+10,1.03677e+11,-24564.4,15886.5,9.26459e+10,1.03964e+11,-24642.6,15793.8
9.22008e+10,1.04246e+11,-24724.5,15701.8,9.17503e+10,1.04533e+11,-24802.7,15609
9.13023e+10,1.04812e+11,-24884.1,15516.2,9.08518e+10,1.05099e+11,-24962.3,15423.4
9.0401e+10,1.05375e+11,-25043.2,15329.7,8.99504e+10,1.05662e+11,-25121.4,15237
8.94968e+10,1.05934e+11,-25201.8,15142.5,8.90463e+10,1.06221e+11,-25279.9,15048.5
8.85898e+10,1.0649e+11,-25359.8,14953.2,8.81392e+10,1.06777e+11,-25437.9,14855.6
8.76799e+10,1.07042e+11,-25517.3,14759.4,8.72293e+10,1.07288e+11,-25595.4,14661.8
8.67672e+10,1.0755e+11,-25674.3,14564.8,8.63166e+10,1.07796e+11,-25752.4,14467.2
8.58517e+10,1.08055e+11,-25830.7,14369.4,8.54011e+10,1.083e+11,-25908.8,14271.7
8.49334e+10,1.08556e+11,-25986.6,14173.1,8.44828e+10,1.08801e+11,-26064.7,14075.4
8.40123e+10,1.09053e+11,-26142,13976,8.35348e+10,1.09299e+11,-26220.1,13875.9
8.30615e+10,1.09547e+11,-26296.8,13775.6,8.257e+10,1.09792e+11,-26374.9,13673.1
8.20939e+10,1.10037e+11,-26451,13571.9,8.16023e+10,1.10282e+11,-26529.1,13469.3
8.11235e+10,1.10523e+11,-26604.6,13367.3,8.06319e+10,1.10769e+11,-26682.7,13264.7
8.01503e+10,1.11006e+11,-26757.7,13161.8,7.96588e+10,1.11251e+11,-26835.8,13059.3
7.91744e+10,1.11485e+11,-26910.1,12955.5,7.86829e+10,1.1173e+11,-26988.2,12853
7.81958e+10,1.1196e+11,-27061.9,12748.4,7.77042e+10,1.12206e+11,-27133.8,12640.9
7.72145e+10,1.12431e+11,-27206.8,12535.5,7.6723e+10,1.12644e+11,-27275.1,12428.1
7.62307e+10,1.12865e+11,-27347.6,12321.8,7.57392e+10,1.1307e+11,-27415.9,12214.3
7.52444e+10,1.13288e+11,-27487.7,12107.1,7.47529e+10,1.13493e+11,-27556.1,11999.7
7.42556e+10,1.13707e+11,-27627.2,11891.7,7.37641e+10,1.13912e+11,-27695.6,11784.3
7.32643e+10,1.14122e+11,-27766.1,11675.4,7.27728e+10,1.14327e+11,-27834.5,11567.9
7.22705e+10,1.14533e+11,-27904.3,11458.2,7.1779e+10,1.14738e+11,-27972.7,11345.9
7.12742e+10,1.1494e+11,-28041.9,11235.3,7.07827e+10,1.15145e+11,-28110.2,11123
7.02755e+10,1.15343e+11,-28178.7,11011.6,6.9784e+10,1.15548e+11,-28247.1,10899.3
6.92743e+10,1.15742e+11,-28314.9,10787,6.87828e+10,1.15947e+11,-28383.2,10674.7
6.82707e+10,1.16137e+11,-28450.3,10561.6,6.77587e+10,1.16342e+11,-28518.7,10449.3
6.72441e+10,1.16528e+11,-28585,10335.4,6.67321e+10,1.16726e+11,-28653.4,10223.1
6.62152e+10,1.16908e+11,-28719,10108.4,6.57032e+10,1.17072e+11,-28787.3,9991.18
6.51838e+10,1.1725e+11,-28852.2,9875.56,6.46718e+10,1.17414e+11,-28920.6,9758.38
6.41501e+10,1.17587e+11,-28984.7,9641.9,6.36262e+10,1.17751e+11,-29051.3,9524.71
6.31021e+10,1.17921e+11,-29114.8,9407.36,6.25696e+10,1.18084e+11,-29173.4,9290.17
6.20434e+10,1.18249e+11,-29236,9171.95,6.15109e+10,1.18413e+11,-29294.6,9054.76
6.09825e+10,1.18574e+11,-29356.5,8935.67,6.045e+10,1.18738e+11,-29415,8814.87
5.99194e+10,1.18895e+11,-29476.1,8694.92,5.9387e+10,1.19058e+11,-29534.7,8572.85
5.88543e+10,1.1921e+11,-29595,8452.06,5.83218e+10,1.19374e+11,-29653.5,8329.99
5.77869e+10,1.19522e+11,-29713,8208.37,5.72545e+10,1.19686e+11,-29771.6,8086.3
5.67175e+10,1.19829e+11,-29830.1,7963.85,5.6185e+10,1.19952e+11,-29888.7,7841.57
5.5646e+10,1.20091e+11,-29946.5,7718.25,5.51135e+10,1.20214e+11,-30005.1,7593.74
5.45724e+10,1.20348e+11,-30062,7469.54,5.40399e+10,1.20471e+11,-30120.6,7345.03
5.34967e+10,1.20601e+11,-30176.7,7219.98,5.29438e+10,1.20724e+11,-30235.3,7094.4
5.23985e+10,1.2085e+11,-30290.5,6968.48,5.18456e+10,1.20972e+11,-30349.1,6841.52
5.12983e+10,1.21093e+11,-30403.5,6714.74,5.07453e+10,1.21216e+11,-30456.1,6587.79
5.01962e+10,1.21332e+11,-30509.6,6460.15,4.96432e+10,1.21455e+11,-30558.4,6331.42
4.90922e+10,1.21567e+11,-30610.9,6202.94,4.85392e+10,1.2169e+11,-30659.7,6073.55
4.79864e+10,1.21797e+11,-30711.3,5944.25,4.74335e+10,1.2192e+11,-30760.2,5814.85
4.68789e+10,1.22022e+11,-30810.8,5684.74,4.63259e+10,1.22104e+11,-30859.6,5553.33
4.57696e+10,1.22202e+11,-30909.3,5422.34,4.52166e+10,1.22284e+11,-30958.1,5290.5
4.46585e+10,1.22376e+11,-31006.9,5158.65,4.41055e+10,1.22458e+11,-31055.7,5026.82
4.35456e+10,1.22546e+11,-31103.5,4894.12,4.29927e+10,1.22628e+11,-31152.3,4759.84
4.24311e+10,1.22712e+11,-31199.1,4626.31,4.18781e+10,1.22793e+11,-31248,4492.03
4.13148e+10,1.22872e+11,-31293.8,4357.68,4.07414e+10,1.22954e+11,-31342.6,4223.4
4.01764e+10,1.23027e+11,-31387.4,4088.21,3.9603e+10,1.23109e+11,-31432.7,3952.71
3.90364e+10,1.23178e+11,-31476.5,3816.7,3.8463e+10,1.2326e+11,-31515.5,3679.98
3.78949e+10,1.23324e+11,-31558.2,3543.17,3.73215e+10,1.23403e+11,-31597.3,3405.58
3.6752e+10,1.23462e+11,-31638.9,3267.98,3.61785e+10,1.23503e+11,-31678,3130.04
3.56076e+10,1.23557e+11,-31718.5,2991.59,3.50341e+10,1.23598e+11,-31757.6,2852.43
3.44618e+10,1.23647e+11,-31797.1,2713.13,3.38884e+10,1.23688e+11,-31836.1,2572.96
3.33146e+10,1.23732e+11,-31874.5,2432.84,3.27412e+10,1.23772e+11,-31913.6,2292.46
3.21661e+10,1.23811e+11,-31950.8,2151.54,3.15926e+10,1.23852e+11,-31989.9,2009.94
3.10161e+10,1.23886e+11,-32026.1,1868.22,3.04427e+10,1.23927e+11,-32065.1,1726.01
2.98649e+10,1.23955e+11,-32100.1,1583.52,2.92915e+10,1.23996e+11,-32133.6,1440.48
2.87124e+10,1.2402e+11,-32167.4,1297.23,2.81288e+10,1.24061e+11,-32196.7,1153.34
2.75486e+10,1.24079e+11,-32229.3,1009.34,2.69649e+10,1.24079e+11,-32258.6,864.748
2.63837e+10,1.24092e+11,-32290.1,719.925,2.58e+10,1.24092e+11,-32319.4,574.506
2.52177e+10,1.24099e+11,-32349.7,428.879,2.46341e+10,1.24099e+11,-32379,282.672
2.40507e+10,1.24102e+11,-32408,136.259,2.3467e+10,1.24102e+11,-32437.3,-10.7296
2.28827e+10,1.24099e+11,-32465.2,-157.91,2.2299e+10,1.24099e+11,-32494.5,-305.653
2.17136e+10,1.24091e+11,-32521.1,-453.583,2.11299e+10,1.24091e+11,-32550.3,-602.09
2.05435e+10,1.24077e+11,-32575.7,-750.751,1.99599e+10,1.24077e+11,-32599.2,-899.943
1.93727e+10,1.24058e+11,-32623.2,-1049.31,1.8789e+10,1.24042e+11,-32642.7,-1199.27
1.8201e+10,1.24017e+11,-32665.5,-1349.37,1.76173e+10,1.23976e+11,-32685,-1500.13
1.70286e+10,1.23947e+11,-32706.4,-1651,1.64398e+10,1.23906e+11,-32726,-1802.36
1.58504e+10,1.2387e+11,-32746.1,-1953.98,1.52616e+10,1.2383e+11,-32765.6,-2106.19
1.46714e+10,1.23789e+11,-32784.4,-2258.53,1.40826e+10,1.23748e+11,-32803.9,-2411.12
1.34918e+10,1.23702e+11,-32821.3,-2564.17,1.2903e+10,1.23661e+11,-32840.9,-2717.98
1.23116e+10,1.23609e+11,-32856.9,-2871.72,1.17177e+10,1.23568e+11,-32876.4,-3025.52
1.11257e+10,1.23511e+11,-32891.1,-3179.92,1.05317e+10,1.2347e+11,-32910.6,-3334.95
9.9391e+09,1.23407e+11,-32923.8,-3490,9.34518e+09,1.23325e+11,-32943.4,-3645.42
8.75199e+09,1.23257e+11,-32955.2,-3801.18,8.15806e+09,1.23175e+11,-32974.7,-3957.43
7.56433e+09,1.23101e+11,-32985.1,-4113.89,6.97041e+09,1.23019e+11,-32985.1,-4270.14
6.37652e+09,1.22939e+11,-32994,-4427.27,5.7826e+09,1.22857e+11,-32994,-4585.86
5.18857e+09,1.22772e+11,-33001.4,-4743.64,4.59465e+09,1.2269e+11,-33001.4,-4902.33
4.00051e+09,1.22599e+11,-33007.3,-5060.73,3.40659e+09,1.22517e+11,-33007.3,-5219.43
2.81238e+09,1.2242e+11,-33011.7,-5378.43,2.21846e+09,1.22338e+11,-33011.7,-5537.12
1.62419e+09,1.22236e+11,-33014.6,-5696.69,1.02965e+09,1.22113e+11,-33014.6,-5857.57
4.35363e+08,1.22004e+11,-33016,-6017.79,-1.58919e+08,1.21882e+11,-33016,-6178.92
-7.53205e+08,1.21767e+11,-33015.8,-6339.77,-1.34759e+09,1.21645e+11,-33015.8,-6500.91
-1.94185e+09,1.21525e+11,-33014,-6662.35,-2.53599e+09,1.21402e+11,-33014,-6823.48
-3.13018e+09,1.21276e+11,-33010.6,-6985.5,-3.72411e+09,1.21153e+11,-33010.6,-7148.55
-4.31821e+09,1.21022e+11,-33005.6,-7311.11,-4.91213e+09,1.20899e+11,-33005.6,-7474.69
-5.50611e+09,1.20761e+11,-32999,-7637.76,-6.10004e+09,1.20638e+11,-32999,-7801.33
-6.69387e+09,1.20495e+11,-32990.7,-7964.88,-7.28779e+09,1.20331e+11,-32986.7,-8128.46
-7.88137e+09,1.20182e+11,-32976.7,-8292.58,-8.4753e+09,1.20018e+11,-32957.2,-8458.59
-9.06832e+09,1.19863e+11,-32945.6,-8623.24,-9.66224e+09,1.19699e+11,-32926,-8789.26
-1.02547e+10,1.19538e+11,-32912.7,-8954.41,-1.08486e+10,1.19374e+11,-32893.2,-9120.42
-1.14404e+10,1.19207e+11,-32878.1,-9286.04,-1.20343e+10,1.19043e+11,-32858.6,-9452.06
-1.26255e+10,1.1887e+11,-32841.8,-9618.12,-1.32143e+10,1.18706e+11,-32822.3,-9784.13
-1.38047e+10,1.18527e+11,-32803.8,-9950.6,-1.43935e+10,1.18363e+11,-32784.2,-10116.6
-1.49833e+10,1.18178e+11,-32763.9,-10283.5,-1.55721e+10,1.17973e+11,-32744.4,-10449.5
-1.61611e+10,1.17782e+11,-32722.3,-10616.8,-1.67499e+10,1.17577e+11,-32702.8,-10782.8
-1.73381e+10,1.1738e+11,-32678.9,-10950.5,-1.79218e+10,1.17175e+11,-32649.6,-11116.5
-1.8509e+10,1.16972e+11,-32623.9,-11284.6,-1.90927e+10,1.16767e+11,-32594.6,-11450.6
-1.96789e+10,1.16558e+11,-32567,-11619.1,-2.02626e+10,1.16353e+11,-32537.7,-11790
-2.08478e+10,1.16138e+11,-32508.4,-11958.7,-2.14314e+10,1.15933e+11,-32479.1,-12129.6
-2.20155e+10,1.15712e+11,-32447.8,-12298.7,-2.25992e+10,1.15507e+11,-32418.5,-12469.6
-2.31821e+10,1.1528e+11,-32385.4,-12638.8,-2.37658e+10,1.15034e+11,-32347.5,-12809.7
-2.43474e+10,1.148e+11,-32312.4,-12979.3,-2.49311e+10,1.14554e+11,-32273.3,-13150.2
-2.55114e+10,1.14315e+11,-32236.4,-13320.1,-2.60951e+10,1.14069e+11,-32197.3,-13491
-2.66739e+10,1.13823e+11,-32158.4,-13661.1,-2.72516e+10,1.13577e+11,-32119.3,-13832
-2.7829e+10,1.13325e+11,-32078.5,-14002.3,-2.84025e+10,1.13079e+11,-32039.4,-14173.2
-2.89784e+10,1.12821e+11,-31996.6,-14343.7,-2.95518e+10,1.12576e+11,-31949.1,-14514.6
-3.01261e+10,1.12311e+11,-31904.3,-14685.2,-3.06996e+10,1.1205e+11,-31855.5,-14856.1
-3.12721e+10,1.11779e+11,-31808.7,-15026.8,-3.18456e+10,1.11493e+11,-31759.9,-15197.7
-3.24164e+10,1.11216e+11,-31711.1,-15368.6,-3.29898e+10,1.10929e+11,-31662.3,-15539.5
-3.35588e+10,1.10647e+11,-31611.4,-15710.5,-3.413e+10,1.1036e+11,-31562.6,-15881.4
-3.46972e+10,1.10071e+11,-31509.7,-16052.5,-3.52706e+10,1.09784e+11,-31451.1,-16223.4
-3.58357e+10,1.09489e+11,-31396.1,-16394.5,-3.64092e+10,1.09202e+11,-31337.5,-16570.3
-3.69722e+10,1.08901e+11,-31280.5,-16741.3,-3.75252e+10,1.08614e+11,-31221.9,-16917.1
-3.80861e+10,1.08307e+11,-31162.8,-17088.1,-3.86391e+10,1.07979e+11,-31104.2,-17263.9
-3.91979e+10,1.07665e+11,-31043,-17435,-3.97508e+10,1.07337e+11,-30984.4,-17610.7
-4.03074e+10,1.07017e+11,-30921.1,-17781.8,-4.08604e+10,1.0669e+11,-30852.7,-17957.5
-4.14145e+10,1.06363e+11,-30787.2,-18128.5,-4.19675e+10,1.06036e+11,-30718.9,-18295.5
-4.25192e+10,1.05703e+11,-30651.3,-18466.3,-4.30722e+10,1.05376e+11,-30582.9,-18632.3
-4.36214e+10,1.05037e+11,-30513.1,-18803,-4.41744e+10,1.04709e+11,-30444.8,-18969
-4.47211e+10,1.04365e+11,-30372.9,-19139.5,-4.52741e+10,1.04037e+11,-30297,-19305.5
-4.58181e+10,1.03687e+11,-30222.9,-19475.7,-4.63694e+10,1.03318e+11,-30144.8,-19641.7
-4.69106e+10,1.02961e+11,-30068.5,-19811.7,-4.74431e+10,1.02593e+11,-29990.4,-19977.7
-4.79815e+10,1.0223e+11,-29911.9,-20147.5,-4.8514e+10,1.01862e+11,-29833.7,-20313.5
-4.90495e+10,1.01493e+11,-29753,-20482.9,-4.9582e+10,1.01124e+11,-29674.9,-20649
-5.01147e+10,1.00749e+11,-29592,-20818.1,-5.06472e+10,1.00381e+11,-29504.1,-20984.1
-5.11767e+10,1e+11,-29418.9,-21152.9,-5.17092e+10,9.96314e+10,-29331,-21318.9
-5.22356e+10,9.92446e+10,-29243.7,-21487.2,-5.27681e+10,9.88672e+10,-29155.8,-21653.2
-5.32912e+10,9.84745e+10,-29066.2,-21821.1,-5.38156e+10,9.80649e+10,-28978.3,-21987.1
-5.43355e+10,9.76661e+10,-28886.5,-22154.5,-5.48475e+10,9.72565e+10,-28788.8,-22320.5
-5.5364e+10,9.68517e+10,-28694.7,-22487.4,-5.5876e+10,9.64421e+10,-28597,-22653.4
-5.6389e+10,9.60313e+10,-28500.6,-22819.9,-5.69011e+10,9.56217e+10,-28402.9,-22985.9
-5.74105e+10,9.5205e+10,-28304.2,-23151.7,-5.79225e+10,9.47954e+10,-28206.6,-23317.7
-5.84284e+10,9.43727e+10,-28105.6,-23483,-5.89404e+10,9.39631e+10,-28002.1,-23649
-5.94426e+10,9.35345e+10,-27898.9,-23813.5,-5.99386e+10,9.31036e+10,-27791.5,-23979.5
-6.04369e+10,9.2669e+10,-27686,-24143.4,-6.09285e+10,9.22184e+10,-27578.6,-24309.4
-6.14229e+10,9.17779e+10,-27470.8,-24472.6,-6.19145e+10,9.13274e+10,-27363.4,-24638.6
-6.2405e+10,9.08809e+10,-27253.2,-24801.1,-6.28965e+10,9.04304e+10,-27144.6,-24967.1
-6.33831e+10,8.99781e+10,-27032.2,-25128.7,-6.38746e+10,8.95275e+10,-26915,-25287.8
-6.4357e+10,8.90694e+10,-26800.2,-25448.7,-6.4839e+10,8.86189e+10,-26683.1,-25604.9
-6.53172e+10,8.81551e+10,-26566,-25764.8,-6.57882e+10,8.77045e+10,-26448.9,-25921.1
-6.62622e+10,8.72351e+10,-26329.6,-26080.1,-6.67332e+10,8.67668e+10,-26212.4,-26236.4
-6.72029e+10,8.62917e+10,-26090.8,-26394.4,-6.76739e+10,8.58002e+10,-25963.9,-26550.7
-6.8139e+10,8.53195e+10,-25839.9,-26707.8,-6.86101e+10,8.48279e+10,-25713,-26864.1
-6.90706e+10,8.43416e+10,-25586.7,-27020.1,-6.95212e+10,8.385e+10,-25459.8,-27176.4
-6.99771e+10,8.33581e+10,-25331.2,-27331.4,-7.04277e+10,8.28666e+10,-25204.3,-27487.7
-7.0879e+10,8.2369e+10,-25073.5,-27641.6,-7.13296e+10,8.18775e+10,-24936.7,-27797.9
-7.1776e+10,8.13744e+10,-24803.6,-27950.7,-7.22266e+10,8.08828e+10,-24666.9,-28106.9
-7.26682e+10,8.03742e+10,-24531.6,-28258.5,-7.31187e+10,7.98827e+10,-24394.9,-28405
-7.35554e+10,7.93687e+10,-24257.3,-28555.2,-7.40059e+10,7.88362e+10,-24120.6,-28701.7
-7.44376e+10,7.83169e+10,-23980.7,-28850.7,-7.4873e+10,7.77844e+10,-23839.3,-28997.2
-7.52996e+10,7.72598e+10,-23697.2,-29144.9,-7.57092e+10,7.67273e+10,-23550.7,-29291.4
-7.61305e+10,7.61974e+10,-23406.2,-29437.8,-7.65401e+10,7.56649e+10,-23259.7,-29584.3
-7.69561e+10,7.51298e+10,-23113,-29729.3,-7.73657e+10,7.45973e+10,-22966.6,-29875.8
-7.77765e+10,7.4057e+10,-22817.6,-30019.3,-7.81861e+10,7.35245e+10,-22671.2,-30165.8
-7.85914e+10,7.29789e+10,-22520,-30307.9,-7.9001e+10,7.24465e+10,-22363.8,-30444.7
-7.94008e+10,7.18959e+10,-22210.5,-30585.2,-7.98104e+10,7.13628e+10,-22054.3,-30721.9
-8.02046e+10,7.08073e+10,-21898.9,-30860.9,-8.06142e+10,7.02339e+10,-21742.6,-30997.6
-8.10027e+10,6.96735e+10,-21585,-31134.9,-8.13714e+10,6.91e+10,-21428.8,-31271.6
-8.17542e+10,6.85347e+10,-21269,-31407.3,-8.21229e+10,6.79612e+10,-21105,-31544.1
-8.24998e+10,6.7391e+10,-20943,-31678.1,-8.28685e+10,6.68176e+10,-20777,-31814.8
-8.32395e+10,6.62425e+10,-20612.8,-31947.2,-8.36082e+10,6.56691e+10,-20446.8,-32074.2
-8.39732e+10,6.50894e+10,-20280.6,-32204.7,-8.43419e+10,6.4516e+10,-20114.6,-32331.7
-8.47009e+10,6.39317e+10,-19946.2,-32460.4,-8.50695e+10,6.33377e+10,-19780.2,-32587.4
-8.54225e+10,6.27489e+10,-19609.9,-32714.2,-8.57911e+10,6.2155e+10,-19434.1,-32835.6
-8.61378e+10,6.15617e+10,-19261.7,-32960.5,-8.64655e+10,6.09677e+10,-19085.9,-33077.7
-8.68059e+10,6.03701e+10,-18911.4,-33200.7,-8.71336e+10,5.97762e+10,-18735.6,-33317.9
-8.74677e+10,5.91743e+10,-18559.2,-33438.9,-8.77954e+10,5.85804e+10,-18383.4,-33556.1
-8.8123e+10,5.79742e+10,-18205,-33675.2,-8.84507e+10,5.73598e+10,-18029.2,-33792.3
-8.8772e+10,5.67495e+10,-17848.8,-33909.3,-8.90997e+10,5.6135e+10,-17663.2,-34026.5
-8.94143e+10,5.55205e+10,-17481,-34141.4,-8.9742e+10,5.49061e+10,-17295.4,-34258.6
-9.005e+10,5.42874e+10,-17111.3,-34371.2,-9.03466e+10,5.3673e+10,-16925.7,-34488.4
-9.06479e+10,5.30502e+10,-16739.7,-34598.9,-9.09346e+10,5.24334e+10,-16554.1,-34716.1
-9.12292e+10,5.18066e+10,-16366.3,-34824.4,-9.15159e+10,5.11717e+10,-16175.8,-34922.1
-9.18037e+10,5.05412e+10,-15986.1,-35028.2,-9.20904e+10,4.99063e+10,-15795.7,-35125.8
-9.23713e+10,4.92721e+10,-15604.2,-35229.6,-9.2658e+10,4.86373e+10,-15411.9,-35327.2
-9.2932e+10,4.79995e+10,-15218.7,-35428.7,-9.32187e+10,4.73647e+10,-15023.4,-35526.3
-9.34856e+10,4.67234e+10,-14828.6,-35625.3,-9.37392e+10,4.60885e+10,-14633.3,-35723
-9.39991e+10,4.54438e+10,-14436.7,-35819.6,-9.42448e+10,4.47927e+10,-14238.9,-35917.2
-9.44976e+10,4.41445e+10,-14040.7,-36011.4,-9.47433e+10,4.34891e+10,-13840.5,-36109.1
-9.49889e+10,4.28375e+10,-13640.7,-36200.8,-9.52346e+10,4.21821e+10,-13440.5,-36298.5
-9.54729e+10,4.15271e+10,-13239.1,-36387.7,-9.57187e+10,4.08718e+10,-13037.4,-36466.3
-9.59497e+10,4.02138e+10,-12834.5,-36552.9,-9.61955e+10,3.95585e+10,-12629.5,-36631
-9.64191e+10,3.88976e+10,-12425.2,-36715,-9.66239e+10,3.82422e+10,-12220.1,-36793.2
-9.68402e+10,3.75785e+10,-12014.4,-36874.6,-9.7045e+10,3.69231e+10,-11809.3,-36952.7
-9.72538e+10,3.62565e+10,-11602.1,-37031.5,-9.74586e+10,3.55807e+10,-11392.2,-37109.7
-9.76599e+10,3.49113e+10,-11183.7,-37185.8,-9.78647e+10,3.42371e+10,-10973.7,-37263.9
-9.80585e+10,3.35651e+10,-10763.9,-37337.3,-9.82633e+10,3.28892e+10,-10553.9,-37415.4
-9.84494e+10,3.22145e+10,-10342.9,-37486.1,-9.86334e+10,3.15386e+10,-10133,-37557.1
-9.88119e+10,3.08614e+10,-9920.71,-37624.9,-9.89758e+10,3.01855e+10,-9705.87,-37683.5
-9.91466e+10,2.95061e+10,-9492.42,-37748.6,-9.93105e+10,2.88302e+10,-9277.57,-37807.2
-9.94736e+10,2.81486e+10,-9062.99,-37869.5,-9.96374e+10,2.74625e+10,-8848.15,-37928.1
-9.97928e+10,2.67787e+10,-8632.5,-37987.5,-9.99567e+10,2.60926e+10,-8417.65,-38046.1
-1.00104e+11,2.54068e+10,-8201.02,-38102.7,-1.00268e+11,2.47207e+10,-7983.84,-38161.3
-1.00408e+11,2.40328e+10,-7766.3,-38214.9,-1.00531e+11,2.33467e+10,-7548.99,-38273.5
-1.00663e+11,2.26569e+10,-7330.47,-38324.3,-1.00786e+11,2.19708e+10,-7110.75,-38369.4
-1.0091e+11,2.12793e+10,-6891.34,-38417.3,-1.01033e+11,2.0583e+10,-6671.61,-38456.3
-1.01149e+11,1.98899e+10,-6451.38,-38501.2,-1.01272e+11,1.91936e+10,-6231.5,-38540.3
-1.0138e+11,1.84991e+10,-6010.53,-38582.1,-1.01503e+11,1.78028e+10,-5788.37,-38621.2
-1.01603e+11,1.71069e+10,-5566.75,-38660.1,-1.01685e+11,1.64106e+10,-5344.58,-38699.1
-1.01777e+11,1.57134e+10,-5122.24,-38735,-1.01859e+11,1.5017e+10,-4900.07,-38774.1
-1.01943e+11,1.43185e+10,-4677.08,-38807,-1.02025e+11,1.36197e+10,-4453.42,-38846
-1.02101e+11,1.29199e+10,-4229.87,-38875.9,-1.02183e+11,1.22184e+10,-4005.62,-38895.4
-1.02251e+11,1.15178e+10,-3781.6,-38922.2,-1.02333e+11,1.08164e+10,-3556.99,-38941.7
-1.02393e+11,1.0115e+10,-3332.59,-38965.4,-1.02434e+11,9.41357e+09,-3107.98,-38985
-1.02486e+11,8.71146e+09,-2883.11,-39005.6,-1.02527e+11,8.01002e+09,-2658.34,-39025.2
-1.02571e+11,7.30725e+09,-2433.1,-39042.8,-1.02612e+11,6.60325e+09,-2207.27,-39062.3
-1.02647e+11,5.89986e+09,-1981.73,-39076.8,-1.02688e+11,5.19586e+09,-1755.9,-39096.3
-1.02716e+11,4.49191e+09,-1530.17,-39107.8,-1.02757e+11,3.78791e+09,-1304.34,-39109.1
-1.02776e+11,3.08379e+09,-1078.51,-39117.5,-1.02776e+11,2.37979e+09,-852.563,-39117.5
-1.02787e+11,1.67558e+09,-626.536,-39122.7,-1.02787e+11,9.71526e+08,-400.401,-39122.7
-1.02791e+11,2.67275e+08,-174.273,-39124.8,-1.02791e+11,-4.36988e+08,51.8651,-39124.8
-1.02786e+11,-1.14122e+09,278.004,-39123.9,-1.02786e+11,-1.84522e+09,504.137,-39123.9
-1.02772e+11,-2.54938e+09,730.195,-39119.8,-1.02772e+11,-3.25339e+09,956.111,-39119.8
-1.02751e+11,-3.95742e+09,1182,-39112.7,-1.0271e+11,-4.66142e+09,1407.83,-39106.6
-1.02681e+11,-5.36516e+09,1633.63,-39096.3,-1.0264e+11,-6.06916e+09,1859.46,-39076.8
-1.02602e+11,-6.77231e+09,2085.08,-39063.5,-1.02561e+11,-7.47631e+09,2310.91,-39043.9
-1.02516e+11,-8.17881e+09,2536.27,-39027.5,-1.02475e+11,-8.88026e+09,2760.88,-39008
-1.02421e+11,-9.58205e+09,2985.88,-38988.5,-1.0238e+11,-1.02835e+10,3210.49,-38969
-1.02318e+11,-1.09845e+10,3435.05,-38946.4,-1.02236e+11,-1.1686e+10,3659.66,-38926.9
-1.02166e+11,-1.23862e+10,3883.85,-38901.2,-1.02084e+11,-1.30876e+10,4107.3,-38881.7
-1.02006e+11,-1.3787e+10,4331.05,-38853,-1.01925e+11,-1.44868e+10,4554.08,-38814
-1.01839e+11,-1.51849e+10,4777.28,-38782.2,-1.01757e+11,-1.58812e+10,4999.45,-38743.2
-1.01663e+11,-1.65779e+10,5222.03,-38708.4,-1.01581e+11,-1.72743e+10,5444.2,-38669.4
-1.01479e+11,-1.79696e+10,5666.07,-38631.6,-1.0136e+11,-1.8666e+10,5888.24,-38592.6
-1.0125e+11,-1.93599e+10,6109.47,-38551.8,-1.01127e+11,-2.00562e+10,6329.19,-38512.8
-1.01009e+11,-2.07487e+10,6549.7,-38469.1,-1.00886e+11,-2.1445e+10,6769.43,-38430
-1.00761e+11,-2.21359e+10,6989.13,-38383.3,-1.00638e+11,-2.2822e+10,7208.86,-38333.5
-1.00504e+11,-2.35111e+10,7427.69,-38283.9,-1.00381e+11,-2.41972e+10,7644.97,-38225.3
-1.0024e+11,-2.48843e+10,7862.84,-38172.7,-1.00095e+11,-2.55704e+10,8080.12,-38114.2
-9.99456e+10,-2.62554e+10,8297.04,-38058.7,-9.97817e+10,-2.69415e+10,8511.88,-38000.1
-9.96246e+10,-2.76245e+10,8727.83,-37941.8,-9.94608e+10,-2.83106e+10,8942.67,-37883.2
-9.9296e+10,-2.89914e+10,9157.58,-37822.1,-9.91321e+10,-2.96672e+10,9372.42,-37763.5
-9.89596e+10,-3.03458e+10,9586.21,-37699.5,-9.87957e+10,-3.10216e+10,9801.05,-37640.9
-9.86155e+10,-3.1698e+10,10013.7,-37574.2,-9.84517e+10,-3.23738e+10,10223.6,-37499.1
-9.82638e+10,-3.30476e+10,10434.9,-37429.6,-9.8059e+10,-3.37234e+10,10644.9,-37351.5
-9.78636e+10,-3.43944e+10,10855,-37279.2,-9.76588e+10,-3.50703e+10,11065,-37201.1
-9.74559e+10,-3.57386e+10,11273.9,-37126.1,-9.72511e+10,-3.64144e+10,11483.7,-37048
-9.70407e+10,-3.70799e+10,11691.2,-36970.3,-9.68359e+10,-3.77352e+10,11896.3,-36892.2
-9.6618e+10,-3.83978e+10,12102.4,-36811.8,-9.64132e+10,-3.90532e+10,12307.5,-36733.7
-9.6188e+10,-3.97129e+10,12512.2,-36650.8,-9.59429e+10,-4.03683e+10,12717.3,-36572.7
-9.57103e+10,-4.10251e+10,12920.5,-36487.2,-9.54646e+10,-4.16804e+10,13120.7,-36405.7
-9.52248e+10,-4.23342e+10,13322.5,-36317.6,-9.4979e+10,-4.29895e+10,13522.7,-36219.9
-9.4732e+10,-4.36398e+10,13723,-36129.3,-9.44862e+10,-4.42952e+10,13923.2,-36031.6
-9.4232e+10,-4.49421e+10,14121.9,-35938.5,-9.39863e+10,-4.55975e+10,14317.9,-35840.8
-9.3725e+10,-4.62409e+10,14514.9,-35745.2,-9.34792e+10,-4.68758e+10,14710.2,-35647.6
-9.32109e+10,-4.75157e+10,14905.5,-35549.6,-9.29242e+10,-4.81505e+10,15100.8,-35452
-9.26489e+10,-4.87869e+10,15294.5,-35351.6,-9.23622e+10,-4.94218e+10,15484.9,-35254
-9.208e+10,-5.00545e+10,15676.9,-35151.2,-9.17933e+10,-5.06894e+10,15867.3,-35053.6
-9.15043e+10,-5.13184e+10,16057.6,-34948.5,-9.12175e+10,-5.19533e+10,16248,-34850.9
-9.09217e+10,-5.25787e+10,16436.4,-34743.6,-9.0635e+10,-5.32003e+10,16622,-34626.4
-9.03324e+10,-5.38216e+10,16808.5,-34516.9,-9.00457e+10,-5.44361e+10,16994.1,-34399.7
-8.97365e+10,-5.50532e+10,17178.8,-34288,-8.94088e+10,-5.56676e+10,17364.3,-34170.8
-8.90929e+10,-5.62807e+10,17547.2,-34057,-8.87653e+10,-5.68951e+10,17732.7,-33939.8
-8.84428e+10,-5.75039e+10,17913.7,-33823.8,-8.81151e+10,-5.81183e+10,18089.5,-33706.6
-8.77863e+10,-5.87229e+10,18268.5,-33588.5,-8.74586e+10,-5.9321e+10,18444.3,-33471.4
-8.71234e+10,-5.99214e+10,18621.3,-33351.3,-8.67957e+10,-6.05153e+10,18797.1,-33234.1
-8.64542e+10,-6.11113e+10,18972.2,-33112,-8.61266e+10,-6.17052e+10,19148,-32994.8
-8.57788e+10,-6.22969e+10,19321,-32870.8,-8.54151e+10,-6.28908e+10,19496.8,-32752.5
-8.50611e+10,-6.34781e+10,19667.8,-32626.5,-8.46924e+10,-6.4072e+10,19833.8,-32499.6
-8.43324e+10,-6.46547e+10,20002.8,-32371.8,-8.39637e+10,-6.52282e+10,20168.8,-32244.8
-8.35977e+10,-6.58063e+10,20335.7,-32115.1,-8.3229e+10,-6.63797e+10,20501.7,-31988.2
-8.28571e+10,-6.69531e+10,20666.6,-31856.7,-8.24884e+10,-6.75266e+10,20832.6,-31720
-8.21105e+10,-6.80951e+10,20995.3,-31586.8,-8.17419e+10,-6.86686e+10,21156,-31450.1
-8.13582e+10,-6.92322e+10,21316.5,-31315.3,-8.09895e+10,-6.98057e+10,21472.7,-31178.5
-8.06002e+10,-7.03645e+10,21631.1,-31042.1,-8.01906e+10,-7.09379e+10,21787.3,-30905.4
-7.97956e+10,-7.14917e+10,21943.4,-30767.2,-7.9386e+10,-7.20383e+10,22099.7,-30630.5
-7.89854e+10,-7.25872e+10,22253.7,-30490.8,-7.85758e+10,-7.31197e+10,22409.9,-30354.1
-7.81697e+10,-7.36635e+10,22561.7,-30212.8,-7.77601e+10,-7.4196e+10,22708.2,-30066.3
-7.73486e+10,-7.47346e+10,22857.9,-29923.5,-7.6939e+10,-7.52671e+10,23004.4,-29777
-7.65223e+10,-7.58005e+10,23151.8,-29632.8,-7.61127e+10,-7.6333e+10,23298.3,-29486.3
-7.56907e+10,-7.68611e+10,23443.5,-29340.7,-7.52811e+10,-7.73936e+10,23590,-29194.2
-7.48539e+10,-7.79164e+10,23732.9,-29047.3,-7.44443e+10,-7.84489e+10,23871.3,-28900.8
-7.40121e+10,-7.89665e+10,24011.9,-28752.6,-7.35615e+10,-7.9499e+10,24148.6,-28606.1
-7.31244e+10,-8.00112e+10,24286.9,-28456.6,-7.26738e+10,-8.05061e+10,24423.6,-28310.1
-7.22317e+10,-8.1013e+10,24559.8,-28159.4,-7.17812e+10,-8.15045e+10,24696.5,-28003.1
-7.13342e+10,-8.20058e+10,24830.4,-27851.1,-7.08837e+10,-8.24973e+10,24965.3,-27694.8
-7.04319e+10,-8.29931e+10,25096.9,-27541.6,-6.99814e+10,-8.34846e+10,25223.9,-27385.4
-6.9525e+10,-8.39748e+10,25353.2,-27231.1,-6.90744e+10,-8.44663e+10,25480.2,-27074.8
-6.86135e+10,-8.49509e+10,25607.2,-26919.5,-6.81425e+10,-8.54424e+10,25734.2,-26763.2
-6.7677e+10,-8.59213e+10,25858.9,-26606.8,-6.7206e+10,-8.64128e+10,25985.8,-26450.6
-6.6736e+10,-8.68861e+10,26108.3,-26293.2,-6.6265e+10,-8.73692e+10,26225.4,-26136.9
-6.57908e+10,-8.78369e+10,26345.5,-25978.6,-6.53197e+10,-8.82874e+10,26462.7,-25822.3
-6.48413e+10,-8.87494e+10,26580.5,-25663.1,-6.43702e+10,-8.91999e+10,26697.7,-25506.8
-6.38876e+10,-8.96562e+10,26813.3,-25346.7,-6.33961e+10,-9.01067e+10,26930.5,-25190.5
-6.29093e+10,-9.05573e+10,27043.7,-25029.5,-6.24177e+10,-9.10078e+10,27151.2,-24863.5
-6.1927e+10,-9.14525e+10,27262.1,-24701.6,-6.14355e+10,-9.1903e+10,27369.6,-24535.6
-6.09409e+10,-9.23417e+10,27478.2,-24373.1,-6.04494e+10,-9.27923e+10,27585.6,-24207.1
-5.99509e+10,-9.32251e+10,27692,-24043.8,-5.94594e+10,-9.36718e+10,27799.4,-23877.8
-5.89571e+10,-9.40987e+10,27903.4,-23713.9,-5.84451e+10,-9.45083e+10,28004.2,-23547.9
-5.79392e+10,-9.49292e+10,28105.9,-23383.3,-5.74272e+10,-9.53388e+10,28203.6,-23217.3
-5.69178e+10,-9.57537e+10,28303.1,-23052.1,-5.64058e+10,-9.61633e+10,28400.8,-22886.1
-5.58928e+10,-9.65723e+10,28498.1,-22720.2,-5.53808e+10,-9.69819e+10,28595.7,-22554.2
-5.48644e+10,-9.73849e+10,28690.7,-22387.9,-5.43524e+10,-9.77945e+10,28788,-22221.9
-5.38325e+10,-9.81915e+10,28880.7,-22055,-5.33205e+10,-9.86011e+10,28968.6,-21889
-5.27974e+10,-9.89921e+10,29059.1,-21721.7,-5.2265e+10,-9.93864e+10,29146.9,-21555.7
-5.17387e+10,-9.97713e+10,29235.1,-21388,-5.12062e+10,-1.0014e+11,29323,-21222
-5.06769e+10,-1.00519e+11,29409,-21053.8,-5.01444e+10,-1.00888e+11,29496.9,-20887.8
-4.96119e+10,-1.01261e+11,29580.7,-20719.2,-4.90795e+10,-1.01629e+11,29658.8,-20553.2
-4.85441e+10,-1.01996e+11,29740.4,-20384.3,-4.80116e+10,-1.02365e+11,29818.5,-20218.2
-4.74735e+10,-1.02726e+11,29897.9,-20049,-4.6941e+10,-1.03094e+11,29976,-19883
-4.64e+10,-1.03449e+11,30053.2,-19713.5,-4.58676e+10,-1.03818e+11,30131.3,-19547.5
-4.53238e+10,-1.04167e+11,30206.3,-19377.9,-4.47709e+10,-1.04503e+11,30280.3,-19211.8
-4.42245e+10,-1.04846e+11,30353.1,-19041.9,-4.36716e+10,-1.05173e+11,30421.5,-18875.9
-4.31227e+10,-1.0551e+11,30492.1,-18705.7,-4.25697e+10,-1.05838e+11,30560.5,-18539.7
-4.20184e+10,-1.06169e+11,30629,-18369.4,-4.14655e+10,-1.06496e+11,30697.4,-18203.4
-4.09117e+10,-1.06821e+11,30763.8,-18032.9,-4.03587e+10,-1.07148e+11,30832.1,-17866.9
-3.98026e+10,-1.07467e+11,30896.4,-17696.3,-3.92496e+10,-1.07795e+11,30955,-17530.3
-3.86913e+10,-1.08107e+11,31017.1,-17359.7,-3.81384e+10,-1.08435e+11,31075.7,-17193.7
-3.75779e+10,-1.08741e+11,31135.7,-17023.1,-3.7025e+10,-1.09028e+11,31194.3,-16857.1
-3.64624e+10,-1.09328e+11,31252.2,-16686.4,-3.59018e+10,-1.09615e+11,31310.8,-16520.4
-3.53372e+10,-1.09909e+11,31366.7,-16349.7,-3.47638e+10,-1.10196e+11,31425.3,-16178.8
-3.41971e+10,-1.10484e+11,31479.1,-16008.1,-3.36339e+10,-1.10771e+11,31528,-15837.2
-3.30655e+10,-1.11053e+11,31579.8,-15666.6,-3.24921e+10,-1.1134e+11,31628.6,-15495.7
-3.19218e+10,-1.11616e+11,31678.4,-15325.2,-3.13484e+10,-1.11902e+11,31727.2,-15154.3
-3.07765e+10,-1.12172e+11,31774.9,-14984,-3.0203e+10,-1.12459e+11,31823.7,-14813.1
-2.96294e+10,-1.12722e+11,31869.5,-14642.9,-2.90559e+10,-1.12968e+11,31916.3,-14472
-2.84806e+10,-1.13225e+11,31960,-14301.9,-2.79072e+10,-1.13471e+11,31999.1,-14131
-2.73305e+10,-1.13723e+11,32040.9,-13961.1,-2.6757e+10,-1.13968e+11,32079.9,-13790.2
-2.61789e+10,-1.14213e+11,32119.8,-13620.4,-2.56011e+10,-1.14459e+11,32158.8,-13449.5
-2.50215e+10,-1.14698e+11,32196.8,-13280,-2.44378e+10,-1.14944e+11,32235.8,-13109.1
-2.38569e+10,-1.15177e+11,32271.8,-12939.9,-2.32733e+10,-1.15423e+11,32309.7,-12769
-2.26911e+10,-1.1565e+11,32343.8,-12600,-2.21074e+10,-1.15875e+11,32373.1,-12429.1
-2.15241e+10,-1.16095e+11,32405.3,-12260.5,-2.09404e+10,-1.163e+11,32434.6,-12091.8
-2.0356e+10,-1.16515e+11,32464.9,-11923.4,-1.97724e+10,-1.16719e+11,32494.2,-11757.4
-1.91869e+10,-1.16928e+11,32522.6,-11589.3,-1.86033e+10,-1.17133e+11,32551.9,-11423.2
-1.80168e+10,-1.17336e+11,32578.6,-11255.5,-1.74332e+10,-1.1754e+11,32607.9,-11089.5
-1.68458e+10,-1.17737e+11,32632.7,-10922.1,-1.6257e+10,-1.17942e+11,32652.2,-10756
-1.56688e+10,-1.18132e+11,32675.3,-10589.1,-1.508e+10,-1.18337e+11,32694.8,-10423
-1.44911e+10,-1.18522e+11,32716,-10256.5,-1.39023e+10,-1.1869e+11,32735.6,-10090.5
-1.33127e+10,-1.18868e+11,32755,-9924.29,-1.27239e+10,-1.19032e+11,32774.5,-9758.27
-1.21337e+10,-1.19205e+11,32792.3,-9592.48,-1.15449e+10,-1.19369e+11,32811.8,-9426.46
-1.0954e+10,-1.19535e+11,32827.8,-9261.1,-1.03652e+10,-1.19699e+11,32847.3,-9095.08
-9.77364e+09,-1.1986e+11,32861.6,-8930.17,-9.17972e+09,-1.20024e+11,32881.1,-8764.16
-8.58763e+09,-1.20179e+11,32893.7,-8599.73,-7.99627e+09,-1.20342e+11,32913.2,-8433.72
-7.40364e+09,-1.20491e+11,32924.1,-8269.82,-6.80976e+09,-1.20655e+11,32930.9,-8106.08
-6.21683e+09,-1.20798e+11,32940.1,-7942.72,-5.62291e+09,-1.20921e+11,32940.1,-7779.15
-5.02985e+09,-1.21058e+11,32947.7,-7616.26,-4.43593e+09,-1.21181e+11,32947.7,-7452.69
-3.84276e+09,-1.21312e+11,32953.6,-7290.3,-3.25012e+09,-1.21435e+11,32953.6,-7129.17
-2.65687e+09,-1.2156e+11,32958,-6967.31,-2.06414e+09,-1.21683e+11,32958,-6806.18
-1.47085e+09,-1.21803e+11,32960.7,-6644.87,-8.77565e+08,-1.21926e+11,32960.7,-6483.74
-2.8425e+08,-1.2204e+11,32961.9,-6323.02,3.09049e+08,-1.22163e+11,32961.9,-6161.89
9.02357e+08,-1.22271e+11,32961.5,-6001.78,1.49564e+09,-1.22393e+11,32961.5,-5843.09
2.08891e+09,-1.22496e+11,32959.5,-5683.62,2.68162e+09,-1.22578e+11,32959.5,-5524.93
3.27483e+09,-1.22674e+11,32956,-5366.01,3.86747e+09,-1.22756e+11,32956,-5207.32
4.46059e+09,-1.22847e+11,32951,-5048.99,5.05451e+09,-1.22929e+11,32951,-4890.3
5.64751e+09,-1.23014e+11,32944.6,-4732.58,6.24144e+09,-1.23096e+11,32944.6,-4576.33
6.8343e+09,-1.23176e+11,32936.6,-4419.25,7.42822e+09,-1.23258e+11,32936.6,-4263
8.02091e+09,-1.23331e+11,32927.2,-4106.58,8.61273e+09,-1.23413e+11,32907.6,-3950.33
9.20487e+09,-1.23482e+11,32896.8,-3794.58,9.79879e+09,-1.23564e+11,32877.2,-3639.55
1.03904e+10,-1.23626e+11,32864.9,-3484.52,1.09822e+10,-1.23686e+11,32845.4,-3329.73
1.15732e+10,-1.23743e+11,32831.7,-3175.37,1.2162e+10,-1.23784e+11,32812.2,-3021.56
1.27523e+10,-1.23836e+11,32797.1,-2867.85,1.33411e+10,-1.23877e+11,32777.5,-2714.64
1.39308e+10,-1.23923e+11,32761.1,-2561.6,1.45196e+10,-1.23964e+11,32741.5,-2409.01
1.51087e+10,-1.24005e+11,32723.7,-2256.67,1.56975e+10,-1.24045e+11,32704.2,-2105.25
1.62858e+10,-1.24081e+11,32685,-1953.62,1.68746e+10,-1.24122e+11,32665.4,-1802.53
1.74622e+10,-1.24151e+11,32644.9,-1651.63,1.80459e+10,-1.24192e+11,32625.4,-1501.36
1.86328e+10,-1.24217e+11,32603.6,-1351.22,1.92164e+10,-1.24258e+11,32584,-1201.69
1.98025e+10,-1.24277e+11,32560.9,-1052.32,2.03862e+10,-1.24277e+11,32541.4,-903.49
2.09715e+10,-1.2429e+11,32517,-754.823,2.15552e+10,-1.2429e+11,32487.7,-606.693
2.21395e+10,-1.24298e+11,32462.1,-458.743,2.27232e+10,-1.24298e+11,32432.8,-311.347
2.33065e+10,-1.24301e+11,32405.9,-164.133,2.38902e+10,-1.24301e+11,32376.6,-17.4851
2.44725e+10,-1.24299e+11,32348.4,128.972,2.50562e+10,-1.24299e+11,32319.1,274.855
2.56374e+10,-1.24291e+11,32289.8,420.538,2.62211e+10,-1.24291e+11,32260.5,565.636
2.68012e+10,-1.24279e+11,32229.9,710.528,2.73849e+10,-1.24279e+11,32200.6,854.8
2.79639e+10,-1.24261e+11,32168.8,998.883,2.85467e+10,-1.24259e+11,32139.5,1142.37
2.91246e+10,-1.24236e+11,32106.6,1285.63,2.9698e+10,-1.24195e+11,32077.3,1428.45
3.02748e+10,-1.24167e+11,32043.3,1570.96,3.08482e+10,-1.24126e+11,32004.2,1712.92
3.14237e+10,-1.24093e+11,31969,1854.67,3.19971e+10,-1.24052e+11,31929.9,1995.76
3.25712e+10,-1.24013e+11,31893.5,2136.73,3.31447e+10,-1.23972e+11,31854.5,2277.11
3.37174e+10,-1.23929e+11,31817,2417.28,3.42908e+10,-1.23888e+11,31777.9,2556.46
3.48621e+10,-1.23839e+11,31739.4,2695.82,3.54356e+10,-1.23798e+11,31700.3,2834.94
3.60055e+10,-1.23745e+11,31660.7,2973.48,3.65789e+10,-1.23704e+11,31621.6,3111.42
3.71473e+10,-1.23645e+11,31580.9,3249.11,3.77208e+10,-1.23604e+11,31541.8,3385.83
3.82878e+10,-1.23541e+11,31500.1,3522.67,3.88612e+10,-1.23459e+11,31461,3659.21
3.94268e+10,-1.23391e+11,31418.2,3795.26,4.00002e+10,-1.23309e+11,31379.1,3930.76
4.05642e+10,-1.23236e+11,31335.2,4066.01,4.11366e+10,-1.23154e+11,31286.4,4200.29
4.1699e+10,-1.23076e+11,31241.5,4334.72,4.2252e+10,-1.22994e+11,31192.7,4468.99
4.28126e+10,-1.22911e+11,31146.8,4602.61,4.33656e+10,-1.22829e+11,31097.9,4735.31
4.39245e+10,-1.22741e+11,31051.1,4868.1,4.44774e+10,-1.22659e+11,31002.2,4999.94
4.50346e+10,-1.22567e+11,30954.4,5131.89,4.55876e+10,-1.22485e+11,30905.6,5263.73
4.6143e+10,-1.22388e+11,30856.8,5394.83,4.6696e+10,-1.22306e+11,30807.9,5524.62
4.72496e+10,-1.22204e+11,30758.2,5654.86,4.78026e+10,-1.22092e+11,30709.4,5784.26
4.83544e+10,-1.21986e+11,30658.7,5913.68,4.89074e+10,-1.21863e+11,30609.9,6043.07
4.94575e+10,-1.21752e+11,30558.3,6171.68,5.00104e+10,-1.21629e+11,30509.4,6298.72
5.05586e+10,-1.21513e+11,30456.9,6426.5,5.11116e+10,-1.2139e+11,30408.1,6553.45
5.1658e+10,-1.2127e+11,30354.6,6680.39,5.22109e+10,-1.21147e+11,30296,6807.35
5.27553e+10,-1.21022e+11,30241.7,6933.44,5.33083e+10,-1.209e+11,30183.1,7057.95
5.38506e+10,-1.2077e+11,30127.9,7183.18,5.4383e+10,-1.20647e+11,30069.3,7307.69
5.49233e+10,-1.20514e+11,30013.2,7432.07,5.54558e+10,-1.20391e+11,29954.6,7556.59
5.59939e+10,-1.20253e+11,29897.7,7680.11,5.65264e+10,-1.2013e+11,29839.1,7802.18
5.70625e+10,-1.19987e+11,29781.4,7924.84,5.7595e+10,-1.19836e+11,29722.8,8046.91
5.81289e+10,-1.19689e+11,29664.3,8168.74,5.86614e+10,-1.19526e+11,29605.7,8290.81
5.91932e+10,-1.19374e+11,29546.3,8411.8,5.97257e+10,-1.1921e+11,29487.7,8533.88
6.02554e+10,-1.19055e+11,29427.5,8654.04,6.07879e+10,-1.18891e+11,29368.9,8772.51
6.13154e+10,-1.18731e+11,29307.9,8891.83,6.18479e+10,-1.18567e+11,29249.3,9009.02
6.23733e+10,-1.18403e+11,29187.5,9127.48,6.29058e+10,-1.18239e+11,29128.9,9244.67
6.3429e+10,-1.1807e+11,29066.3,9362.27,6.39595e+10,-1.17906e+11,29007.7,9479.46
6.44805e+10,-1.17734e+11,28944.4,9596.19,6.49925e+10,-1.1757e+11,28876.1,9713.38
6.55111e+10,-1.17393e+11,28812,9829.25,6.60231e+10,-1.17229e+11,28743.6,9946.44
6.65393e+10,-1.17048e+11,28678.9,10061.5,6.70513e+10,-1.16884e+11,28610.5,10173.8
6.75651e+10,-1.16699e+11,28545,10287.9,6.80771e+10,-1.16494e+11,28476.7,10400.2
6.85885e+10,-1.16305e+11,28410.5,10513.5,6.90853e+10,-1.161e+11,28342.1,10625.8
6.95942e+10,-1.15907e+11,28275.2,10738.3,7.00858e+10,-1.15702e+11,28206.8,10850.6
7.05923e+10,-1.15505e+11,28139.1,10962.3,7.10838e+10,-1.153e+11,28070.8,11074.6
7.15878e+10,-1.15099e+11,28002.4,11185.5,7.20794e+10,-1.14894e+11,27934.1,11297.8
7.25809e+10,-1.14688e+11,27865,11407.8,7.30725e+10,-1.14484e+11,27796.7,11515.2
7.35715e+10,-1.14274e+11,27727,11624.4,7.40631e+10,-1.1407e+11,27658.6,11731.9
7.45597e+10,-1.13856e+11,27588.3,11840.2,7.50512e+10,-1.13652e+11,27519.9,11947.6
7.55453e+10,-1.13435e+11,27448.9,12055.1,7.60368e+10,-1.1323e+11,27380.6,12162.5
7.65283e+10,-1.13009e+11,27309,12269.2,7.70199e+10,-1.12804e+11,27240.6,12376.6
7.75089e+10,-1.1258e+11,27168.4,12482.4,7.80004e+10,-1.12346e+11,27100,12589.1
7.84869e+10,-1.12118e+11,27027.2,12694.1,7.89784e+10,-1.11872e+11,26951.6,12796.6
7.94622e+10,-1.1164e+11,26878.1,12900.7,7.99538e+10,-1.11394e+11,26800,13003.2
8.04348e+10,-1.11158e+11,26725.9,13106.5,8.09264e+10,-1.10913e+11,26647.7,13209
8.14047e+10,-1.10673e+11,26573,13311.4,8.18962e+10,-1.10427e+11,26494.9,13414
8.23717e+10,-1.10184e+11,26419.6,13515.5,8.28633e+10,-1.09938e+11,26341.5,13618
8.3336e+10,-1.09691e+11,26265.6,13718.7,8.38276e+10,-1.09445e+11,26187.5,13818.1
8.42976e+10,-1.09195e+11,26111,13917.9,8.47481e+10,-1.08949e+11,26032.9,14015.6
8.52153e+10,-1.08695e+11,25955.9,14114.6,8.56659e+10,-1.08449e+11,25877.8,14212.3
8.61303e+10,-1.08192e+11,25800.2,14310.4,8.65809e+10,-1.07946e+11,25722.1,14408.1
8.70425e+10,-1.07685e+11,25644,14505.4,8.7493e+10,-1.07439e+11,25565.9,14603.1
8.79518e+10,-1.07175e+11,25487.3,14699.6,8.84024e+10,-1.06926e+11,25409.2,14797.2
8.88583e+10,-1.06658e+11,25330.1,14892.9,8.93089e+10,-1.06371e+11,25251.9,14986.2
8.9762e+10,-1.061e+11,25172.3,15081.1,9.02125e+10,-1.05813e+11,25094.2,15173.9
9.06628e+10,-1.05538e+11,25014,15267.9,9.11133e+10,-1.05252e+11,24935.9,15360.7
9.15607e+10,-1.04974e+11,24855.2,15453.9,9.20113e+10,-1.04687e+11,24777,15546.7
9.24558e+10,-1.04405e+11,24695.8,15639.1,9.29064e+10,-1.04119e+11,24617.7,15731.8
9.3348e+10,-1.03834e+11,24536,15823.4,9.37986e+10,-1.03547e+11,24457.9,15916.2
9.42373e+10,-1.03259e+11,24375.7,16006.9,9.46879e+10,-1.02972e+11,24297.6,16094.8
9.51238e+10,-1.02681e+11,24214.9,16184.7,9.55743e+10,-1.02394e+11,24132.5,16272.6
9.60072e+10,-1.021e+11,24049.4,16361.6,9.64578e+10,-1.01813e+11,23961.5,16449.5
9.68876e+10,-1.01515e+11,23878,16537.7,9.72972e+10,-1.01229e+11,23790.1,16625.6
9.77239e+10,-1.00928e+11,23706.1,16712.9,9.81335e+10,-1.00641e+11,23618.2,16800.8
9.85571e+10,-1.00337e+11,23533.8,16887.4,9.89667e+10,-1.0005e+11,23445.9,16975.3
9.93872e+10,-9.97432e+10,23361.1,17061.1,9.97968e+10,-9.94181e+10,23273.2,17149
1.00214e+11,-9.91079e+10,23187.9,17233.9,1.00624e+11,-9.87802e+10,23100,17321.8
1.01038e+11,-9.84669e+10,23014.2,17406,1.01448e+11,-9.81392e+10,22926.3,17493.9
1.01859e+11,-9.78228e+10,22840.1,17577.3,1.02268e+11,-9.74951e+10,22752.2,17655.4
1.02676e+11,-9.71758e+10,22665.6,17738,1.03086e+11,-9.68482e+10,22577.7,17816.1
1.03491e+11,-9.6526e+10,22490.7,17897.9,1.039e+11,-9.61983e+10,22402.8,17976
1.04302e+11,-9.58733e+10,22315.3,18057,1.04712e+11,-9.55456e+10,22227.4,18135.1
1.0511e+11,-9.52178e+10,22139.6,18215.3,1.0552e+11,-9.48901e+10,22051.7,18293.4
1.05915e+11,-9.45594e+10,21963.5,18372.8,1.06325e+11,-9.42317e+10,21875.6,18450.9
1.06717e+11,-9.38982e+10,21787,18529.4,1.07127e+11,-9.35705e+10,21699.1,18607.5
1.07516e+11,-9.32341e+10,21610.2,18685.2,1.07884e+11,-9.29065e+10,21522.3,18763.3
1.0827e+11,-9.25673e+10,21432.9,18840.3,1.08639e+11,-9.22397e+10,21345.1,18918.4
1.09021e+11,-9.18978e+10,21255.4,18994.5,1.0939e+11,-9.15701e+10,21167.5,19072.6
1.09769e+11,-9.12254e+10,21077.5,19148,1.10138e+11,-9.08977e+10,20989.6,19226.1
1.10514e+11,-9.05503e+10,20899.2,19300.7,1.10883e+11,-9.02034e+10,20811.3,19378.8
1.11256e+11,-8.98533e+10,20720.6,19452.6,1.11624e+11,-8.94847e+10,20632.7,19525.2
1.11994e+11,-8.91319e+10,20541.6,19598.2,1.12363e+11,-8.87633e+10,20453.7,19666.6
1.12729e+11,-8.8408e+10,20362.3,19738.8,1.13098e+11,-8.80393e+10,20274.4,19807.2
1.13461e+11,-8.76815e+10,20182.6,19878.6,1.1383e+11,-8.73129e+10,20094.7,19947
1.1419e+11,-8.69525e+10,20002.6,20017.6,1.14558e+11,-8.65839e+10,19914.7,20086
1.14915e+11,-8.62211e+10,19822.3,20155.9,1.15284e+11,-8.58525e+10,19734.4,20224.2
1.15637e+11,-8.54872e+10,19641.6,20293.3,1.16006e+11,-8.51185e+10,19544,20361.7
1.16356e+11,-8.47508e+10,19450.9,20429.9,1.16725e+11,-8.43822e+10,19353.2,20498.3
1.17072e+11,-8.4012e+10,19259.9,20565.8,1.17399e+11,-8.36433e+10,19162.2,20634.1
1.17742e+11,-8.32707e+10,19068.6,20700.9,1.1807e+11,-8.29021e+10,18970.9,20769.2
1.1841e+11,-8.25271e+10,18877,20835.2,1.18738e+11,-8.21584e+10,18779.3,20903.5
1.19074e+11,-8.1781e+10,18685.1,20968.8,1.19402e+11,-8.14123e+10,18587.4,21037.1
1.19735e+11,-8.10325e+10,18492.9,21101.6,1.20062e+11,-8.06639e+10,18395.2,21169.9
1.20392e+11,-8.02817e+10,18300.4,21233.6,1.20719e+11,-7.9913e+10,18202.8,21292.2
1.21045e+11,-7.95286e+10,18107.7,21355.1,1.21373e+11,-7.916e+10,18010.1,21413.7
1.21695e+11,-7.87734e+10,17914.7,21475.9,1.22023e+11,-7.84048e+10,17817.1,21534.5
1.22342e+11,-7.80161e+10,17721.5,21595.9,1.2267e+11,-7.76218e+10,17623.9,21654.5
1.22985e+11,-7.72309e+10,17528.1,21715.1,1.23313e+11,-7.68213e+10,17430.4,21773.7
1.23625e+11,-7.64283e+10,17334.3,21833.6,1.23953e+11,-7.60187e+10,17236.7,21892.2
1.24261e+11,-7.56236e+10,17140.3,21951.2,1.24579e+11,-7.5214e+10,17042.7,22009.8
1.24884e+11,-7.48167e+10,16946.1,22068.2,1.2517e+11,-7.44071e+10,16848.4,22126.8
1.25472e+11,-7.40078e+10,16751.6,22184.3,1.25759e+11,-7.35982e+10,16653.9,22242.9
1.26057e+11,-7.31968e+10,16556.8,22299.8,1.26343e+11,-7.27872e+10,16459.1,22358.4
1.26638e+11,-7.23838e+10,16361.7,22414.5,1.26925e+11,-7.19742e+10,16264.1,22473.1
1.27216e+11,-7.15686e+10,16166.4,22528.4,1.27502e+11,-7.1159e+10,16068.8,22587
1.2779e+11,-7.07515e+10,15970.9,22641.6,1.28077e+11,-7.03419e+10,15873.3,22700.2
1.28361e+11,-6.99323e+10,15775.2,22754.1,1.28647e+11,-6.95227e+10,15677.5,22802.9
1.28928e+11,-6.91113e+10,15579.2,22856.1,1.29214e+11,-6.87017e+10,15481.6,22904.9
1.29491e+11,-6.82885e+10,15383.1,22957.3,1.29778e+11,-6.78789e+10,15285.4,23006.1
1.30051e+11,-6.74638e+10,15186.7,23057.7,1.30338e+11,-6.70542e+10,15089,23106.5
1.30608e+11,-6.66374e+10,14990.1,23157.4,1.30895e+11,-6.62278e+10,14892.5,23206.2
1.31161e+11,-6.58092e+10,14793.4,23256.4,1.31408e+11,-6.53996e+10,14695.8,23305.2
1.3167e+11,-6.49792e+10,14596.5,23354.6,1.31916e+11,-6.45491e+10,14498.8,23403.4
1.32175e+11,-6.4127e+10,14399.3,23452.1,1.32421e+11,-6.36969e+10,14301.6,23501
1.32677e+11,-6.3273e+10,14201.9,23548.9,1.32923e+11,-6.28429e+10,14104.3,23597.8
1.33175e+11,-6.24173e+10,14004.3,23645,1.3342e+11,-6.19872e+10,13905.5,23693.8
1.33669e+11,-6.15599e+10,13805.4,23740.3,1.33915e+11,-6.11298e+10,13702.9,23789.2
1.34159e+11,-6.07008e+10,13602.5,23835,1.34405e+11,-6.02707e+10,13500,23883.8
1.34646e+11,-5.984e+10,13399.5,23928.9,1.34892e+11,-5.94099e+10,13297,23977.7
1.3513e+11,-5.89775e+10,13196.3,24022,1.35375e+11,-5.85475e+10,13093.8,24061.7
1.35609e+11,-5.81136e+10,12993,24105.3,1.35855e+11,-5.76835e+10,12890.4,24144.3
1.36085e+11,-5.72481e+10,12789.5,24187.2,1.36331e+11,-5.6818e+10,12686.9,24226.3
1.36558e+11,-5.63812e+10,12585.8,24268.4,1.3679e+11,-5.59511e+10,12483.3,24307.5
1.37013e+11,-5.55128e+10,12382,24348.9,1.37218e+11,-5.50828e+10,12279.5,24388
1.37437e+11,-5.4643e+10,12178.1,24428.7,1.37683e+11,-5.42101e+10,12075.5,24467.7
1.37898e+11,-5.37689e+10,11974,24507.7,1.38144e+11,-5.33184e+10,11871.5,24546.8
1.38356e+11,-5.28758e+10,11769.8,24586,1.38602e+11,-5.24253e+10,11667.3,24625.1
1.3881e+11,-5.19813e+10,11565.5,24663.6,1.39056e+11,-5.15308e+10,11462.9,24702.6
1.3926e+11,-5.10854e+10,11361.1,24740.4,1.39424e+11,-5.06349e+10,11258.5,24779.5
1.39625e+11,-5.01882e+10,11156.5,24816.5,1.39789e+11,-4.97376e+10,11053.9,24855.6
1.39986e+11,-4.92896e+10,10951.7,24892,1.4015e+11,-4.8839e+10,10849.1,24931
1.40343e+11,-4.83896e+10,10746.7,24966.7,1.40507e+11,-4.7939e+10,10644.1,25005.8
1.40697e+11,-4.74883e+10,10541.5,25040.8,1.40861e+11,-4.70377e+10,10439,25079.9
1.41047e+11,-4.65857e+10,10336.2,25114.2,1.4121e+11,-4.61351e+10,10233.7,25143.5
1.41393e+11,-4.56819e+10,10130.8,25177.1,1.41557e+11,-4.52314e+10,10028.2,25206.4
1.41735e+11,-4.47771e+10,9925.18,25239.3,1.41899e+11,-4.43265e+10,9822.64,25268.6
1.42074e+11,-4.38711e+10,9719.44,25300.9,1.42238e+11,-4.34205e+10,9616.9,25330.2
1.42409e+11,-4.2964e+10,9513.57,25361.7,1.42573e+11,-4.25135e+10,9411.03,25391
1.42741e+11,-4.20559e+10,9307.58,25421.8,1.42904e+11,-4.16053e+10,9205.04,25451.1
1.43068e+11,-4.11467e+10,9101.48,25481.3,1.43232e+11,-4.06961e+10,8998.94,25510.6
1.43392e+11,-4.02364e+10,8895.28,25540,1.43556e+11,-3.97858e+10,8792.74,25569.3
1.43712e+11,-3.9325e+10,8688.97,25598.1,1.43876e+11,-3.88553e+10,8586.43,25627.4
1.44029e+11,-3.83935e+10,8482.57,25655.4,1.44193e+11,-3.79225e+10,8380.03,25684.7
1.44342e+11,-3.74597e+10,8276.08,25712.1,1.44506e+11,-3.69886e+10,8173.1,25741.4
1.44651e+11,-3.65248e+10,8069.07,25768,1.44815e+11,-3.60538e+10,7964.08,25797.3
1.44956e+11,-3.5589e+10,7859.98,25823.2,1.4512e+11,-3.51179e+10,7754.99,25852.5
1.45258e+11,-3.46521e+10,7650.82,25877.7,1.45422e+11,-3.41811e+10,7545.84,25907
1.45555e+11,-3.37143e+10,7441.61,25931.5,1.45719e+11,-3.32433e+10,7336.63,25951.1
1.4585e+11,-3.27757e+10,7232.34,25974.8,1.46013e+11,-3.23047e+10,7127.36,25994.4
1.4614e+11,-3.18364e+10,7023.04,26017.5,1.46304e+11,-3.13653e+10,6918.06,26037
1.46426e+11,-3.08963e+10,6813.71,26059.4,1.46508e+11,-3.04252e+10,6708.73,26078.9
1.46627e+11,-2.99554e+10,6604.24,26100.6,1.46709e+11,-2.94844e+10,6499.26,26120.1
1.46824e+11,-2.90138e+10,6394.64,26141.1,1.46906e+11,-2.85428e+10,6289.66,26160.7
1.47017e+11,-2.80715e+10,6184.93,26181,1.47099e+11,-2.76005e+10,6079.95,26200.6
1.47207e+11,-2.71285e+10,5975.11,26220.2,1.47289e+11,-2.66575e+10,5870.13,26239.8
1.47393e+11,-2.61848e+10,5765.19,26258.8,1.47474e+11,-2.57138e+10,5660.21,26278.3
1.47574e+11,-2.52404e+10,5555.17,26296.6,1.47656e+11,-2.47694e+10,5450.19,26316.1
1.47753e+11,-2.42954e+10,5345.06,26333.8,1.47834e+11,-2.38244e+10,5240.08,26353.3
1.47927e+11,-2.33497e+10,5134.88,26370.3,1.48009e+11,-2.28786e+10,5029.89,26389.8
1.48097e+11,-2.24033e+10,4924.62,26406.1,1.48179e+11,-2.19323e+10,4819.64,26425.6
1.48264e+11,-2.14564e+10,4714.29,26441.2,1.48346e+11,-2.09814e+10,4609.31,26460.7
1.48427e+11,-2.05049e+10,4503.91,26475.6,1.48509e+11,-2.00236e+10,4398.93,26485.4
1.48586e+11,-1.95466e+10,4293.48,26499.6,1.48668e+11,-1.90653e+10,4188.5,26509.4
1.48742e+11,-1.85879e+10,4083.01,26522.9,1.48824e+11,-1.81066e+10,3978.03,26532.7
1.48893e+11,-1.76288e+10,3872.5,26545.5,1.48975e+11,-1.71479e+10,3767.52,26555.3
1.49041e+11,-1.66697e+10,3661.96,26567.4,1.49123e+11,-1.61935e+10,3556.98,26577.2
1.49185e+11,-1.57149e+10,3451.4,26588.7,1.49267e+11,-1.52373e+10,3345.62,26598.4
1.49326e+11,-1.47583e+10,3240.04,26609.2,1.49407e+11,-1.4277e+10,3133.83,26619
1.49462e+11,-1.37977e+10,3028.24,26629.1,1.49544e+11,-1.33164e+10,2922.23,26638.8
1.49595e+11,-1.28368e+10,2816.65,26648.2,1.49677e+11,-1.23555e+10,2711.08,26658
1.49723e+11,-1.18755e+10,2605.5,26666.7,1.49805e+11,-1.13942e+10,2500.5,26676.5
1.49848e+11,-1.09139e+10,2394.95,26684.5,1.4993e+11,-1.04326e+10,2289.97,26694.3
1.4997e+11,-9.95197e+09,2184.44,26701.6,1.4997e+11,-9.47069e+09,2079.15,26711.4
1.50005e+11,-8.98977e+09,1973.54,26718,1.50005e+11,-8.50849e+09,1867.95,26727.8
1.50037e+11,-8.02728e+09,1762.27,26733.8,1.50037e+11,-7.546e+09,1656.68,26743.6
1.50065e+11,-7.06452e+09,1550.93,26748.9,1.50065e+11,-6.58324e+09,1445.34,26751.7
1.50089e+11,-6.10163e+09,1339.54,26756.3,1.50089e+11,-5.62035e+09,1233.95,26756.3
1.50109e+11,-5.13866e+09,1128.11,26760.3,1.50109e+11,-4.65738e+09,1022.51,26760.3
1.50126e+11,-4.17564e+09,916.621,26763.5,1.50126e+11,-3.69436e+09,810.725,26763.5
1.50138e+11,-3.21257e+09,704.803,26766.2,1.50138e+11,-2.73129e+09,598.907,26766.2
1.50147e+11,-2.24946e+09,492.958,26768.1,1.50147e+11,-1.76767e+09,387.062,26768.1
1.50152e+11,-1.28583e+09,281.096,26769.3,1.50152e+11,-8.03907e+08,175.142,26769.3
1.50154e+11,-3.22048e+08,69.1651,26769.9,1.50154e+11,1.59806e+08,-36.8124,26769.9
1.50151e+11,6.41662e+08,-142.792,26769.8,1.50151e+11,1.12358e+09,-248.764,26769.8
1.50145e+11,1.60542e+09,-354.738,26769,1.50145e+11,2.08734e+09,-460.657,26769
1.50134e+11,2.56916e+09,-566.618,26767.5,1.50134e+11,3.05044e+09,-672.514,26767.5
1.5012e+11,3.53222e+09,-778.455,26765.4,1.5012e+11,4.0135e+09,-884.351,26765.4
1.50103e+11,4.49522e+09,-990.264,26762.5,1.50103e+11,4.9765e+09,-1096.01,26762.5
1.50081e+11,5.45816e+09,-1201.89,26759,1.50081e+11,5.93944e+09,-1307.48,26759
1.50056e+11,6.42103e+09,-1413.31,26754.8,1.50056e+11,6.90231e+09,-1518.9,26754.8
1.50026e+11,7.38381e+09,-1624.69,26750,1.50026e+11,7.86509e+09,-1730.28,26740.2
1.49993e+11,8.34631e+09,-1836,26734.7,1.49993e+11,8.82759e+09,-1941.59,26724.9
1.49956e+11,9.30853e+09,-2047.25,26718.7,1.49956e+11,9.78981e+09,-2153.29,26708.9
1.49916e+11,1.02704e+10,-2258.88,26702,1.49847e+11,1.07517e+10,-2364.05,26692.3
1.49802e+11,1.12321e+10,-2469.64,26684.7,1.4972e+11,1.17133e+10,-2575.67,26674.9
1.49672e+11,1.21933e+10,-2681.29,26666.7,1.4959e+11,1.26746e+10,-2787.5,26656.9
1.49538e+11,1.31543e+10,-2893.14,26647.9,1.49456e+11,1.36356e+10,-2999.34,26638.2
1.494e+11,1.41149e+10,-3104.99,26628.5,1.49319e+11,1.45961e+10,-3211.19,26618.8
1.49259e+11,1.50751e+10,-3316.84,26608.4,1.49177e+11,1.55564e+10,-3423.04,26598.7
1.49113e+11,1.6035e+10,-3528.68,26587.7,1.49031e+11,1.65111e+10,-3634.88,26577.9
1.48964e+11,1.69893e+10,-3740.51,26566.2,1.48882e+11,1.74686e+10,-3846.72,26556.4
1.48811e+11,1.79464e+10,-3952.32,26544,1.48729e+11,1.84276e+10,-4057.31,26534.3
1.48654e+11,1.8905e+10,-4162.88,26521.2,1.48572e+11,1.93863e+10,-4267.86,26511.4
1.48494e+11,1.98633e+10,-4373.4,26497.6,1.48412e+11,2.03445e+10,-4478.39,26487.9
1.48329e+11,2.08211e+10,-4583.88,26473.4,1.48247e+11,2.13023e+10,-4688.86,26453.9
1.48161e+11,2.17782e+10,-4794.3,26438.7,1.48079e+11,2.22493e+10,-4899.28,26419.2
1.47989e+11,2.27245e+10,-5004.66,26403.4,1.47907e+11,2.31956e+10,-5109.64,26383.8
1.47813e+11,2.36702e+10,-5214.96,26367.3,1.47731e+11,2.41412e+10,-5319.94,26347.8
1.47634e+11,2.46152e+10,-5425.18,26330.6,1.47552e+11,2.50862e+10,-5530.16,26311.1
1.4745e+11,2.55595e+10,-5635.32,26293.2,1.47368e+11,2.60305e+10,-5740.3,26273.7
1.47263e+11,2.65031e+10,-5845.36,26255.1,1.47181e+11,2.69742e+10,-5950.35,26235.6
1.47072e+11,2.74461e+10,-6055.32,26216.3,1.4699e+11,2.79171e+10,-6160.3,26196.8
1.46877e+11,2.83883e+10,-6265.16,26176.9,1.46796e+11,2.88593e+10,-6370.14,26157.3
1.46679e+11,2.93298e+10,-6474.89,26136.8,1.46597e+11,2.98008e+10,-6579.88,26117.2
1.46477e+11,3.02705e+10,-6684.51,26096,1.46395e+11,3.07416e+10,-6789.49,26076.4
1.46271e+11,3.12106e+10,-6893.99,26054.5,1.46107e+11,3.16816e+10,-6998.97,26034.9
1.45979e+11,3.21498e+10,-7103.45,26012.3,1.45815e+11,3.26209e+10,-7208.43,25992.8
1.45684e+11,3.30883e+10,-7312.87,25969.4,1.4552e+11,3.35594e+10,-7417.85,25949.9
1.45384e+11,3.4026e+10,-7522.25,25925.8,1.4522e+11,3.44971e+10,-7627.23,25896.5
1.45081e+11,3.49628e+10,-7731.58,25871.7,1.44917e+11,3.54338e+10,-7836.56,25842.4
1.44775e+11,3.58985e+10,-7940.84,25816.9,1.44611e+11,3.63695e+10,-8045.82,25787.6
1.44464e+11,3.68332e+10,-8150.04,25761.4,1.443e+11,3.73043e+10,-8253.55,25732.1
1.4415e+11,3.7767e+10,-8357.69,25705.2,1.43986e+11,3.8238e+10,-8460.23,25675.9
1.43832e+11,3.86997e+10,-8564.29,25648.2,1.43668e+11,3.91707e+10,-8666.83,25619
1.4351e+11,3.96314e+10,-8770.79,25590.6,1.43346e+11,4.00819e+10,-8873.32,25561.3
1.43185e+11,4.05415e+10,-8977.19,25532.3,1.43021e+11,4.09921e+10,-9079.73,25503
1.42855e+11,4.14506e+10,-9183.5,25473.2,1.42692e+11,4.19011e+10,-9286.04,25443.9
1.42523e+11,4.23586e+10,-9389.7,25413.5,1.42359e+11,4.28091e+10,-9492.24,25384.2
1.42186e+11,4.32655e+10,-9595.78,25353.1,1.42022e+11,4.3716e+10,-9698.32,25323.8
1.41846e+11,4.41713e+10,-9801.74,25291.9,1.41682e+11,4.46219e+10,-9904.28,25262.6
1.41502e+11,4.5076e+10,-10007.6,25230.1,1.41338e+11,4.55266e+10,-10110.1,25200.8
1.41154e+11,4.59796e+10,-10213.3,25167.6,1.4099e+11,4.64301e+10,-10315.8,25138.3
1.40803e+11,4.6882e+10,-10418.8,25104.4,1.40639e+11,4.73326e+10,-10521.3,25065.3
1.40448e+11,4.77831e+10,-10624.2,25030.7,1.40284e+11,4.82337e+10,-10726.7,24991.6
1.40089e+11,4.86829e+10,-10829.4,24956.3,1.39925e+11,4.91335e+10,-10931.9,24917.3
1.39726e+11,4.95813e+10,-11034.5,24881.3,1.39563e+11,5.00319e+10,-11137,24842.2
1.3936e+11,5.04784e+10,-11239.3,24805.5,1.39196e+11,5.09289e+10,-11341.9,24766.5
1.3899e+11,5.13741e+10,-11444,24729.1,1.38745e+11,5.18246e+10,-11546.5,24690
1.38535e+11,5.22684e+10,-11648.6,24651.9,1.38289e+11,5.27189e+10,-11751.1,24612.8
1.38076e+11,5.31613e+10,-11853.1,24574,1.3783e+11,5.36118e+10,-11955.6,24534.9
1.37613e+11,5.40527e+10,-12057.4,24495.3,1.37379e+11,5.45002e+10,-12159.9,24456.3
1.37158e+11,5.49396e+10,-12261.6,24415.9,1.36954e+11,5.53697e+10,-12364.2,24376.9
1.36729e+11,5.58078e+10,-12465.7,24335.8,1.36503e+11,5.62379e+10,-12568.2,24296.8
1.36275e+11,5.66744e+10,-12669.6,24255,1.3603e+11,5.71045e+10,-12772.1,24215.9
1.35798e+11,5.75396e+10,-12873.3,24173.4,1.35552e+11,5.79697e+10,-12975.9,24134.4
1.35317e+11,5.84034e+10,-13077,24091.1,1.35071e+11,5.88334e+10,-13179.5,24051.7
1.34832e+11,5.92656e+10,-13280.4,24007.7,1.34586e+11,5.96957e+10,-13383,23958.9
1.34344e+11,6.01261e+10,-13483.7,23914.2,1.34098e+11,6.05562e+10,-13586.3,23865.4
1.33851e+11,6.0985e+10,-13686.9,23820,1.33606e+11,6.1415e+10,-13789.4,23771.1
1.33356e+11,6.18421e+10,-13889.8,23725,1.3311e+11,6.22722e+10,-13992.3,23676.1
1.32856e+11,6.26975e+10,-14092.6,23629.3,1.3261e+11,6.31276e+10,-14191.5,23580.4
1.32353e+11,6.35512e+10,-14291.5,23532.8,1.32107e+11,6.39812e+10,-14389.2,23484
1.31847e+11,6.44031e+10,-14489,23435.6,1.31601e+11,6.48332e+10,-14586.6,23386.8
1.31336e+11,6.52532e+10,-14686.2,23337.8,1.31091e+11,6.56684e+10,-14783.9,23288.9
1.30823e+11,6.60867e+10,-14883.3,23239.1,1.30536e+11,6.64963e+10,-14980.9,23190.3
1.30265e+11,6.69128e+10,-15080.1,23139.8,1.29978e+11,6.73224e+10,-15177.8,23091
1.29703e+11,6.77372e+10,-15276.8,23039.7,1.29416e+11,6.81468e+10,-15374.5,22990.8
1.29138e+11,6.85597e+10,-15473.3,22938.8,1.28851e+11,6.89693e+10,-15571,22890
1.28569e+11,6.93803e+10,-15669.6,22837.2,1.28282e+11,6.97899e+10,-15767.2,22788.3
1.27997e+11,7.01991e+10,-15865.7,22734.8,1.2771e+11,7.06087e+10,-15963.3,22676.2
1.27421e+11,7.10159e+10,-16061.5,22621.9,1.27134e+11,7.14255e+10,-16159.2,22563.3
1.26841e+11,7.18307e+10,-16257.1,22508.3,1.26555e+11,7.22403e+10,-16354.8,22449.7
1.26259e+11,7.26434e+10,-16452.5,22393.9,1.25972e+11,7.3053e+10,-16550.2,22335.3
1.25672e+11,7.3454e+10,-16647.6,22278.8,1.25385e+11,7.38636e+10,-16745.3,22220.2
1.25082e+11,7.42625e+10,-16842.5,22162.9,1.24796e+11,7.46721e+10,-16940.2,22104.3
1.24489e+11,7.5069e+10,-17037.1,22046.3,1.24174e+11,7.54786e+10,-17134.8,21987.7
1.23863e+11,7.58733e+10,-17231.5,21929,1.23536e+11,7.62829e+10,-17329.1,21870.4
1.23222e+11,7.66755e+10,-17425.6,21810.8,1.22894e+11,7.70851e+10,-17523.2,21752.2
1.22577e+11,7.74755e+10,-17619.4,21691.9,1.2225e+11,7.78851e+10,-17717.1,21633.3
1.21929e+11,7.82734e+10,-17813,21572.2,1.21601e+11,7.86421e+10,-17910.6,21513.6
1.21277e+11,7.90282e+10,-18006.3,21451.7,1.2095e+11,7.93968e+10,-18104,21393.1
1.20622e+11,7.97808e+10,-18199.4,21330.5,1.20294e+11,8.01494e+10,-18297,21271.9
1.19963e+11,8.05312e+10,-18392.2,21208.5,1.19636e+11,8.08998e+10,-18489.9,21140.1
1.19301e+11,8.12792e+10,-18584.8,21076,1.18973e+11,8.16478e+10,-18682.4,21007.6
1.18635e+11,8.20248e+10,-18777,20942.7,1.18308e+11,8.23934e+10,-18874.7,20874.3
1.17966e+11,8.2768e+10,-18969,20808.6,1.17639e+11,8.31366e+10,-19066.7,20740.2
1.17294e+11,8.35088e+10,-19160.7,20673.8,1.16966e+11,8.38774e+10,-19258.4,20605.4
1.16618e+11,8.42471e+10,-19352.1,20538.2,1.16249e+11,8.46157e+10,-19449.8,20469.8
1.15897e+11,8.4983e+10,-19543.2,20401.8,1.15529e+11,8.53516e+10,-19640.9,20333.5
1.15173e+11,8.57164e+10,-19734,20264.7,1.14805e+11,8.6085e+10,-19831.7,20196.3
1.14446e+11,8.64473e+10,-19924.5,20126.7,1.14077e+11,8.68159e+10,-20012.4,20058.3
1.13716e+11,8.71757e+10,-20104.9,19987.9,1.13347e+11,8.75444e+10,-20192.8,19919.5
1.12982e+11,8.79016e+10,-20285,19848.3,1.12613e+11,8.82703e+10,-20372.9,19780
1.12245e+11,8.8625e+10,-20464.8,19708,1.11876e+11,8.89936e+10,-20552.6,19639.6
1.11504e+11,8.93459e+10,-20644.1,19566.8,1.11136e+11,8.97145e+10,-20732,19490.2
1.10761e+11,9.0064e+10,-20823.2,19416.6,1.10392e+11,9.04307e+10,-20911.1,19338.5
1.10014e+11,9.07774e+10,-21001.8,19264.1,1.09646e+11,9.11051e+10,-21089.7,19186
1.09264e+11,9.14491e+10,-21180.2,19110.9,1.08896e+11,9.17768e+10,-21268,19032.7
1.08511e+11,9.2118e+10,-21358.1,18956.8,1.08143e+11,9.24457e+10,-21446,18878.7
1.07755e+11,9.27841e+10,-21535.8,18802,1.07384e+11,9.31118e+10,-21623.6,18723.9
1.06993e+11,9.34474e+10,-21713,18646.4,1.06583e+11,9.37751e+10,-21800.9,18568.2
1.06189e+11,9.41079e+10,-21889.9,18489.9,1.0578e+11,9.44356e+10,-21977.8,18411.8
1.05382e+11,9.47656e+10,-22066.4,18332.7,1.04973e+11,9.50933e+10,-22154.3,18254.5
1.04572e+11,9.54204e+10,-22242.6,18174.6,1.04163e+11,9.57481e+10,-22330.5,18096.4
1.03759e+11,9.60724e+10,-22418.4,18015.7,1.0335e+11,9.64e+10,-22506.3,17937.5
1.02943e+11,9.67214e+10,-22593.7,17855.9,1.02533e+11,9.70491e+10,-22681.6,17777.8
1.02124e+11,9.73676e+10,-22768.7,17695.4,1.01714e+11,9.76953e+10,-22856.6,17612.2
1.01301e+11,9.80108e+10,-22943.2,17529,1.00891e+11,9.83385e+10,-23031.1,17441.1
1.00475e+11,9.86509e+10,-23117.3,17357.1,1.00066e+11,9.89786e+10,-23205.2,17269.2
9.96465e+10,9.92879e+10,-23291,17184.4,9.92369e+10,9.96156e+10,-23378.9,17096.5
9.88146e+10,9.99218e+10,-23464.2,17010.8,9.84049e+10,1.00209e+11,-23552,16923
9.79795e+10,1.00512e+11,-23636.9,16836.5,9.75699e+10,1.00798e+11,-23724.8,16748.6
9.71413e+10,1.01098e+11,-23809.3,16661.4,9.67299e+10,1.01385e+11,-23897.1,16573.5
9.62983e+10,1.01682e+11,-23981.1,16485.5,9.58477e+10,1.01968e+11,-24069,16397.6
9.5413e+10,1.02262e+11,-24152.6,16308.7,9.49624e+10,1.02549e+11,-24240.5,16220.8
9.45246e+10,1.02839e+11,-24323.6,16131,9.4074e+10,1.03126e+11,-24401.7,16040.1
9.36333e+10,1.03413e+11,-24484.4,15949.5,9.31827e+10,1.037e+11,-24562.5,15856.8
9.27391e+10,1.03983e+11,-24644.7,15765.3,9.22886e+10,1.0427e+11,-24722.8,15672.6
9.18421e+10,1.0455e+11,-24804.5,15580.3,9.13915e+10,1.04837e+11,-24882.6,15487.5
9.09422e+10,1.05114e+11,-24963.8,15394.4,9.04916e+10,1.05401e+11,-25041.9,15301.6
9.00394e+10,1.05675e+11,-25122.5,15207.7,8.95888e+10,1.05961e+11,-25200.7,15114.9
8.91338e+10,1.06232e+11,-25280.8,15020.1,8.86832e+10,1.06519e+11,-25358.9,14922.8
8.82253e+10,1.06785e+11,-25438.5,14827.2,8.77748e+10,1.07046e+11,-25516.6,14729.6
8.7314e+10,1.0731e+11,-25595.7,14633.2,8.68635e+10,1.07556e+11,-25673.8,14535.5
8.63999e+10,1.07815e+11,-25752.4,14438.2,8.59494e+10,1.08061e+11,-25830.5,14340.6
8.5483e+10,1.08318e+11,-25908.5,14242.5,8.50325e+10,1.08563e+11,-25986.6,14144.8
8.45633e+10,1.08816e+11,-26064.1,14045.9,8.41127e+10,1.09062e+11,-26142.2,13948.3
8.36408e+10,1.09311e+11,-26219.2,13848.5,8.31493e+10,1.09557e+11,-26297.3,13746
8.26745e+10,1.09803e+11,-26373.6,13645.4,8.2183e+10,1.10048e+11,-26451.8,13542.8
8.17055e+10,1.1029e+11,-26527.6,13441.3,8.1214e+10,1.10536e+11,-26605.7,13338.8
8.07337e+10,1.10774e+11,-26680.9,13236.5,8.02422e+10,1.1102e+11,-26759,13133.9
7.97592e+10,1.11255e+11,-26833.6,13030.7,7.92677e+10,1.115e+11,-26911.7,12928.2
7.87819e+10,1.11731e+11,-26985.7,12824.1,7.82904e+10,1.11977e+11,-27063.8,12721.6
7.78019e+10,1.12204e+11,-27137.2,12616.7,7.73104e+10,1.12447e+11,-27205.5,12509.3
7.68194e+10,1.12671e+11,-27278.2,12403.5,7.63279e+10,1.12875e+11,-27346.6,12296.1
7.58344e+10,1.13095e+11,-27418.7,12189.5,7.53428e+10,1.133e+11,-27487,12082.1
7.48468e+10,1.13515e+11,-27558.5,11974.6,7.43553e+10,1.1372e+11,-27626.9,11867.2
7.38567e+10,1.13932e+11,-27697.7,11758.8,7.33652e+10,1.14136e+11,-27766,11651.4
7.28641e+10,1.14344e+11,-27836.2,11542.2,7.23726e+10,1.14549e+11,-27904.6,11432.9
7.18691e+10,1.14753e+11,-27974.1,11322.9,7.13776e+10,1.14958e+11,-28042.5,11210.6
7.08715e+10,1.15157e+11,-28111.3,11099.7,7.038e+10,1.15362e+11,-28179.7,10987.4
6.98716e+10,1.15558e+11,-28247.8,10875.7,6.938e+10,1.15763e+11,-28316.2,10763.4
6.88691e+10,1.15954e+11,-28383.6,10650.9,6.83634e+10,1.16159e+11,-28452,10538.6
6.785e+10,1.16347e+11,-28518.7,10425.2,6.7338e+10,1.16552e+11,-28587,10312.9
6.68223e+10,1.16735e+11,-28653,10198.7,6.63103e+10,1.16899e+11,-28721.4,10082.9
6.57921e+10,1.17079e+11,-28786.6,9967.85,6.52801e+10,1.17242e+11,-28855,9850.66
6.47596e+10,1.17418e+11,-28919.5,9734.73,6.42476e+10,1.17581e+11,-28987.9,9617.54
6.37246e+10,1.17752e+11,-29051.7,9500.75,6.31921e+10,1.17916e+11,-29110.3,9383.56
6.2667e+10,1.18083e+11,-29173.4,9265.89,6.21345e+10,1.18247e+11,-29232,9148.7
6.16072e+10,1.18409e+11,-29294.3,9030.16,6.10748e+10,1.18573e+11,-29352.9,8912.97
6.05453e+10,1.18732e+11,-29414.4,8793.56,6.00128e+10,1.18895e+11,-29473,8671.49
5.94812e+10,1.19049e+11,-29533.7,8551.23,5.89487e+10,1.19213e+11,-29592.2,8429.16
5.8415e+10,1.19363e+11,-29652.1,8308.06,5.78825e+10,1.19527e+11,-29710.7,8185.99
5.73467e+10,1.19672e+11,-29769.8,8064.06,5.68142e+10,1.19828e+11,-29828.4,7941.99
5.62762e+10,1.19969e+11,-29886.6,7819.22,5.57437e+10,1.20092e+11,-29945.2,7695.24
5.52037e+10,1.20228e+11,-30002.6,7571.6,5.46712e+10,1.20351e+11,-30061.2,7447.09
5.41291e+10,1.20483e+11,-30117.7,7322.58,5.35878e+10,1.20606e+11,-30176.3,7198.07
5.30436e+10,1.20733e+11,-30232,7072.7,5.24907e+10,1.20856e+11,-30290.6,6945.75
5.19444e+10,1.20978e+11,-30345.4,6819.51,5.13915e+10,1.21101e+11,-30404,6692.56
5.08432e+10,1.2122e+11,-30458,6565.47,5.02903e+10,1.21342e+11,-30506.8,6438.51
4.97402e+10,1.21456e+11,-30559.8,6310.57,4.91872e+10,1.21579e+11,-30608.6,6181.18
4.86353e+10,1.21688e+11,-30660.7,6052.41,4.80824e+10,1.21811e+11,-30709.6,5923.01
4.75287e+10,1.21915e+11,-30760.7,5793.42,4.69757e+10,1.2203e+11,-30809.5,5664.02
4.64202e+10,1.2213e+11,-30859.8,5533.6,4.58673e+10,1.22211e+11,-30908.6,5401.77
4.531e+10,1.22306e+11,-30957.9,5270.48,4.47571e+10,1.22388e+11,-31006.7,5138.64
4.41981e+10,1.22478e+11,-31055,5006.5,4.36451e+10,1.2256e+11,-31103.8,4874.66
4.30844e+10,1.22646e+11,-31151.2,4741.67,4.25314e+10,1.22728e+11,-31200,4607.4
4.1969e+10,1.22808e+11,-31246.4,4473.58,4.14134e+10,1.2289e+11,-31295.2,4339.3
4.08492e+10,1.22966e+11,-31340.6,4204.66,4.02758e+10,1.23048e+11,-31389.4,4070.14
3.971e+10,1.23118e+11,-31433.8,3934.67,3.91366e+10,1.232e+11,-31472.8,3798.64
3.85693e+10,1.23266e+11,-31516.1,3662.35,3.79958e+10,1.23348e+11,-31555.2,3525.64
3.74271e+10,1.23409e+11,-31597.4,3388.56,3.68536e+10,1.2345e+11,-31636.5,3250.62
3.62834e+10,1.23506e+11,-31677.7,3112.67,3.571e+10,1.23547e+11,-31716.7,2974.06
3.51384e+10,1.23598e+11,-31756.8,2835.27,3.45649e+10,1.23639e+11,-31795.9,2696.11
3.39919e+10,1.23685e+11,-31834.9,2556.49,3.34184e+10,1.23726e+11,-31874,2416.11
3.2844e+10,1.23767e+11,-31911.9,2275.66,3.22706e+10,1.23808e+11,-31951,2134.5
3.16948e+10,1.23844e+11,-31987.8,1993.25,3.11214e+10,1.23885e+11,-32026.9,1851.45
3.05442e+10,1.23916e+11,-32062.5,1709.42,2.99708e+10,1.23957e+11,-32101.6,1566.73
2.93923e+10,1.23982e+11,-32136.1,1423.92,2.88108e+10,1.24023e+11,-32165.4,1280.49
2.82312e+10,1.24044e+11,-32198.8,1136.93,2.76475e+10,1.24044e+11,-32228.1,992.817
2.70668e+10,1.24059e+11,-32260.3,848.419,2.64832e+10,1.24059e+11,-32289.6,703.396
2.59014e+10,1.24069e+11,-32320.6,558.182,2.53177e+10,1.24069e+11,-32349.9,412.395
2.47349e+10,1.24074e+11,-32379.7,266.383,2.41512e+10,1.24074e+11,-32408.9,119.782
2.35673e+10,1.24073e+11,-32437.5,-27.0118,2.29836e+10,1.24073e+11,-32466.8,-174.382
2.23987e+10,1.24067e+11,-32494.2,-321.939,2.1815e+10,1.24067e+11,-32523.5,-470.066
2.12292e+10,1.24056e+11,-32549.5,-618.366,2.06455e+10,1.24056e+11,-32578.8,-767.21
2.00586e+10,1.2404e+11,-32603.6,-916.235,1.94749e+10,1.2404e+11,-32623.2,-1065.77
1.88873e+10,1.24018e+11,-32646.7,-1215.5,1.83036e+10,1.23977e+11,-32666.2,-1365.73
1.77152e+10,1.2395e+11,-32688.4,-1516.24,1.71311e+10,1.23909e+11,-32707.9,-1667.33
1.6542e+10,1.23876e+11,-32728.9,-1818.6,1.59532e+10,1.23835e+11,-32748.4,-1970.52
1.53634e+10,1.23797e+11,-32768,-2122.53,1.47746e+10,1.23756e+11,-32787.5,-2275.12
1.4184e+10,1.23712e+11,-32805.7,-2427.86,1.35952e+10,1.23671e+11,-32825.3,-2581.3
1.30041e+10,1.23622e+11,-32842.1,-2734.74,1.24131e+10,1.23581e+11,-32861.7,-2888.55
1.18213e+10,1.23526e+11,-32877.2,-3042.66,1.12274e+10,1.23485e+11,-32896.7,-3197.69
1.0635e+10,1.23425e+11,-32910.8,-3352.47,1.00411e+10,1.23359e+11,-32930.3,-3507.5
9.44809e+09,1.23293e+11,-32942.9,-3662.97,8.85417e+09,1.23211e+11,-32962.5,-3819.22
8.26064e+09,1.2314e+11,-32973.7,-3975.4,7.66672e+09,1.23058e+11,-32993.2,-4131.65
7.07267e+09,1.22981e+11,-33003,-4288.53,6.47875e+09,1.22899e+11,-33003,-4445.29
5.88454e+09,1.22816e+11,-33011.3,-4602.83,5.29062e+09,1.22734e+11,-33011.3,-4761.52
4.69629e+09,1.22645e+11,-33018.1,-4919.7,4.10237e+09,1.22563e+11,-33018.1,-5078.4
3.50794e+09,1.22469e+11,-33023.4,-5237.19,2.91402e+09,1.22387e+11,-33023.4,-5395.88
2.31953e+09,1.22287e+11,-33027.2,-5555.27,1.72515e+09,1.22199e+11,-33027.2,-5714.34
1.13062e+09,1.22093e+11,-33029.5,-5874.3,5.3606e+08,1.2197e+11,-33029.5,-6035.44
-5.84851e+07,1.21859e+11,-33030.2,-6196.05,-6.53046e+08,1.21736e+11,-33030.2,-6357.18
-1.24758e+09,1.21618e+11,-33029.3,-6518.41,-1.84214e+09,1.21496e+11,-33029.3,-6679.54
-2.43662e+09,1.21372e+11,-33026.9,-6841.36,-3.03055e+09,1.2125e+11,-33026.9,-7002.71
-3.62496e+09,1.21121e+11,-33022.8,-7165.08,-4.21888e+09,1.20998e+11,-33022.8,-7328.66
-4.81319e+09,1.20863e+11,-33017.1,-7491.57,-5.40711e+09,1.2074e+11,-33017.1,-7655.14
-6.00129e+09,1.20599e+11,-33009.8,-7818.56,-6.59521e+09,1.20472e+11,-33009.8,-7982.13
-7.18923e+09,1.20325e+11,-33000.9,-8146.03,-7.78315e+09,1.20161e+11,-32981.3,-8311.36
-8.37663e+09,1.20009e+11,-32970.7,-8475.81,-8.97055e+09,1.19845e+11,-32951.1,-8641.82
-9.56345e+09,1.19686e+11,-32938.8,-8806.8,-1.01574e+10,1.19523e+11,-32919.3,-8972.81
-1.07497e+10,1.19358e+11,-32905.2,-9138.28,-1.13436e+10,1.19194e+11,-32885.7,-9304.29
-1.19352e+10,1.19024e+11,-32869.9,-9470.22,-1.25284e+10,1.1886e+11,-32850.4,-9636.23
-1.31194e+10,1.18684e+11,-32832.8,-9802.58,-1.37082e+10,1.1852e+11,-32813.3,-9968.6
-1.42985e+10,1.18337e+11,-32794,-10135.3,-1.48873e+10,1.18158e+11,-32774.5,-10301.4
-1.54768e+10,1.1797e+11,-32753.4,-10468.5,-1.60656e+10,1.17765e+11,-32733.9,-10634.5
-1.66544e+10,1.17571e+11,-32711,-10802.1,-1.72427e+10,1.17366e+11,-32688.6,-10968.1
-1.78306e+10,1.17165e+11,-32663.9,-11136.1,-1.84143e+10,1.16961e+11,-32634.6,-11302.1
-1.90013e+10,1.16754e+11,-32608.1,-11470.5,-1.9585e+10,1.16549e+11,-32578.8,-11641.4
-2.01709e+10,1.16337e+11,-32550.5,-11810.1,-2.07546e+10,1.16132e+11,-32521.2,-11981
-2.13394e+10,1.15913e+11,-32491,-12150,-2.19231e+10,1.15708e+11,-32461.7,-12320.9
-2.25068e+10,1.15484e+11,-32429.6,-12490.2,-2.30905e+10,1.15244e+11,-32400.3,-12661.1
-2.36731e+10,1.15013e+11,-32366.3,-12830.7,-2.42568e+10,1.14767e+11,-32327.3,-13001.6
-2.4838e+10,1.1453e+11,-32291.4,-13171.5,-2.54217e+10,1.14284e+11,-32252.3,-13342.4
-2.60016e+10,1.14041e+11,-32214.5,-13512.5,-2.65852e+10,1.13795e+11,-32175.4,-13683.4
-2.71637e+10,1.13546e+11,-32135.6,-13853.8,-2.77371e+10,1.133e+11,-32096.5,-14024.7
-2.83141e+10,1.13045e+11,-32054.8,-14195.3,-2.88876e+10,1.12799e+11,-32015.7,-14366.2
-2.94631e+10,1.12537e+11,-31972,-14536.9,-3.00365e+10,1.12291e+11,-31923.2,-14707.8
-3.06103e+10,1.12024e+11,-31877.5,-14878.7,-3.11837e+10,1.11737e+11,-31828.6,-15049.6
-3.17558e+10,1.11463e+11,-31780.9,-15220.6,-3.23292e+10,1.11176e+11,-31732.1,-15391.5
-3.28995e+10,1.10896e+11,-31682.3,-15562.6,-3.3473e+10,1.10609e+11,-31633.5,-15733.5
-3.40414e+10,1.10323e+11,-31581.7,-15904.8,-3.46108e+10,1.10036e+11,-31531.2,-16075.7
-3.51774e+10,1.09744e+11,-31477.3,-16247,-3.57509e+10,1.09457e+11,-31418.7,-16418.8
-3.63154e+10,1.09159e+11,-31362.8,-16590.2,-3.68889e+10,1.08872e+11,-31304.2,-16765.9
-3.74513e+10,1.08567e+11,-31246.2,-16937.2,-3.80042e+10,1.08269e+11,-31187.6,-17113
-3.85645e+10,1.07958e+11,-31127.5,-17284.2,-3.91175e+10,1.07631e+11,-31068.9,-17460
-3.96756e+10,1.07313e+11,-31006.6,-17631.2,-4.02286e+10,1.06986e+11,-30939.9,-17807
-4.07843e+10,1.06662e+11,-30875.5,-17978.2,-4.13373e+10,1.06334e+11,-30807.2,-18154
-4.18906e+10,1.06004e+11,-30740.7,-18325.1,-4.24436e+10,1.05677e+11,-30672.3,-18500.9
-4.29945e+10,1.05341e+11,-30603.6,-18671.8,-4.35474e+10,1.05013e+11,-30535.3,-18837.9
-4.40958e+10,1.04671e+11,-30464.4,-19008.6,-4.46488e+10,1.04343e+11,-30396.1,-19174.7
-4.51946e+10,1.03995e+11,-30323.1,-19345.2,-4.57475e+10,1.03626e+11,-30245,-19511.2
-4.62906e+10,1.03272e+11,-30169.8,-19681.6,-4.6828e+10,1.02903e+11,-30091.7,-19847.6
-4.73682e+10,1.02543e+11,-30014.2,-20017.7,-4.79007e+10,1.02174e+11,-29936.1,-20183.7
-4.84381e+10,1.01808e+11,-29856.5,-20353.6,-4.89706e+10,1.01439e+11,-29778.3,-20519.7
-4.95051e+10,1.01067e+11,-29696.5,-20689.3,-5.00376e+10,1.00698e+11,-29608.7,-20855.3
-5.05691e+10,1.0032e+11,-29524.6,-21024.5,-5.11016e+10,9.99513e+10,-29436.7,-21190.5
-5.16299e+10,9.95668e+10,-29350.4,-21359.3,-5.21623e+10,9.91982e+10,-29262.5,-21525.4
-5.26875e+10,9.88077e+10,-29174,-21693.7,-5.322e+10,9.83981e+10,-29086.1,-21859.7
-5.37419e+10,9.80016e+10,-28995.3,-22027.7,-5.42539e+10,9.7592e+10,-28904.5,-22193.7
-5.47725e+10,9.71895e+10,-28811.3,-22361.2,-5.52845e+10,9.67799e+10,-28713.7,-22527.2
-5.57996e+10,9.63714e+10,-28618.3,-22694.2,-5.63116e+10,9.59618e+10,-28520.6,-22860.2
-5.68232e+10,9.55473e+10,-28422.9,-23026.7,-5.73352e+10,9.51377e+10,-28325.3,-23192.7
-5.78433e+10,9.47172e+10,-28225.3,-23358.6,-5.83553e+10,9.43076e+10,-28127.7,-23524.6
-5.88597e+10,9.38812e+10,-28025.4,-23689.8,-5.93717e+10,9.34716e+10,-27918,-23855.8
-5.98724e+10,9.30392e+10,-27813.5,-24020.3,-6.03639e+10,9.25887e+10,-27706.1,-24186.3
-6.08607e+10,9.21504e+10,-27599.3,-24350.2,-6.13522e+10,9.16998e+10,-27491.9,-24516.2
-6.18451e+10,9.12556e+10,-27382.7,-24679.3,-6.23366e+10,9.0805e+10,-27275.3,-24845.4
-6.28256e+10,9.03549e+10,-27163.8,-25007.7,-6.33171e+10,8.99043e+10,-27046.6,-25173.8
-6.38019e+10,8.94483e+10,-26932.8,-25335.3,-6.42934e+10,8.89977e+10,-26815.7,-25491.8
-6.4774e+10,8.85359e+10,-26699.6,-25652.5,-6.52451e+10,8.80854e+10,-26582.4,-25808.7
-6.57214e+10,8.7618e+10,-26464,-25968.5,-6.61924e+10,8.71674e+10,-26346.8,-26124.8
-6.66645e+10,8.66943e+10,-26226.2,-26283.6,-6.71356e+10,8.62028e+10,-26101.6,-26439.9
-6.76032e+10,8.5724e+10,-25978.6,-26597.8,-6.80742e+10,8.52325e+10,-25851.7,-26754
-6.85373e+10,8.47481e+10,-25726.3,-26910.9,-6.89958e+10,8.42566e+10,-25599.4,-27067.2
-6.94543e+10,8.37665e+10,-25471.7,-27223.1,-6.99049e+10,8.3275e+10,-25344.8,-27379.3
-7.03587e+10,8.27794e+10,-25214.8,-27534.1,-7.08093e+10,8.22879e+10,-25084.4,-27690.4
-7.12584e+10,8.17867e+10,-24952.1,-27844.1,-7.1709e+10,8.12952e+10,-24815.4,-28000.3
-7.21532e+10,8.07884e+10,-24680.9,-28152.8,-7.26038e+10,8.02969e+10,-24544.2,-28307.2
-7.30431e+10,7.97846e+10,-24407.4,-28458.4,-7.34937e+10,7.92521e+10,-24270.7,-28604.9
-7.39281e+10,7.87346e+10,-24131.6,-28754.9,-7.43786e+10,7.82021e+10,-23994.9,-28901.3
-7.4808e+10,7.76792e+10,-23853.5,-29050,-7.52176e+10,7.71467e+10,-23707,-29196.5
-7.56417e+10,7.66185e+10,-23563.4,-29343.8,-7.60513e+10,7.6086e+10,-23416.9,-29490.3
-7.64702e+10,7.55526e+10,-23270.9,-29636.4,-7.68798e+10,7.50201e+10,-23124.4,-29782.8
-7.72934e+10,7.44814e+10,-22976.2,-29927.5,-7.7703e+10,7.39489e+10,-22829.7,-30073.9
-7.81112e+10,7.3405e+10,-22679.3,-30217.1,-7.85208e+10,7.28725e+10,-22523.1,-30363.6
-7.89235e+10,7.23234e+10,-22370.4,-30505.2,-7.93331e+10,7.17909e+10,-22214.2,-30641.9
-7.97302e+10,7.12368e+10,-22059.4,-30782,-8.01398e+10,7.06634e+10,-21903.2,-30918.7
-8.05312e+10,7.01044e+10,-21746.2,-31057.2,-8.09335e+10,6.95309e+10,-21589.9,-31193.9
-8.13193e+10,6.8967e+10,-21430.7,-31330.6,-8.16879e+10,6.83935e+10,-21272.1,-31467.4
-8.20679e+10,6.78247e+10,-21110.7,-31602.5,-8.24365e+10,6.72512e+10,-20944.7,-31739.2
-8.28106e+10,6.66775e+10,-20781.1,-31872.7,-8.31792e+10,6.61041e+10,-20615.1,-32007.8
-8.35473e+10,6.55256e+10,-20449.4,-32139.5,-8.3916e+10,6.49521e+10,-20283.3,-32266.5
-8.42781e+10,6.4369e+10,-20115.5,-32396.3,-8.46467e+10,6.37799e+10,-19949.5,-32523.3
-8.50027e+10,6.31922e+10,-19779.6,-32651.3,-8.53714e+10,6.25983e+10,-19603.9,-32777.5
-8.57211e+10,6.2006e+10,-19431.9,-32903.5,-8.60697e+10,6.14121e+10,-19256.1,-33020.7
-8.64132e+10,6.08155e+10,-19082.2,-33144.9,-8.67409e+10,6.02216e+10,-18906.4,-33262.1
-8.7078e+10,5.96206e+10,-18730.3,-33384.3,-8.74057e+10,5.90267e+10,-18554.6,-33501.5
-8.77365e+10,5.84215e+10,-18376.6,-33621.7,-8.80642e+10,5.78071e+10,-18200.8,-33738.9
-8.83886e+10,5.71977e+10,-18020.8,-33857,-8.87162e+10,5.65833e+10,-17835.2,-33974.2
-8.9034e+10,5.59697e+10,-17653.3,-34090.2,-8.93617e+10,5.53553e+10,-17467.7,-34207.4
-8.96728e+10,5.47375e+10,-17283.9,-34321.3,-9.00005e+10,5.41231e+10,-17098.3,-34438.5
-9.03049e+10,5.35012e+10,-16912.7,-34550.1,-9.05916e+10,5.28868e+10,-16727.1,-34667.3
-9.08893e+10,5.22608e+10,-16539.6,-34776.8,-9.11761e+10,5.16259e+10,-16353.3,-34890.8
-9.1467e+10,5.09959e+10,-16163.9,-34998.1,-9.17537e+10,5.0361e+10,-15973.5,-35095.7
-9.20378e+10,4.97274e+10,-15782.3,-35200.7,-9.23245e+10,4.90925e+10,-15591.4,-35298.3
-9.26017e+10,4.84553e+10,-15398.4,-35400.9,-9.28884e+10,4.78204e+10,-15203.1,-35498.6
-9.31586e+10,4.71796e+10,-15008.5,-35598.8,-9.34453e+10,4.65448e+10,-14813.2,-35696.5
-9.37084e+10,4.59005e+10,-14616.9,-35794.2,-9.39542e+10,4.52547e+10,-14420.5,-35891.9
-9.42102e+10,4.46069e+10,-14222.6,-35987.2,-9.44559e+10,4.39516e+10,-14022.4,-36084.9
-9.47047e+10,4.33004e+10,-13822.8,-36177.7,-9.49505e+10,4.2645e+10,-13622.6,-36275.4
-9.51921e+10,4.19904e+10,-13421.4,-36365.8,-9.54378e+10,4.13351e+10,-13220.8,-36461.9
-9.56722e+10,4.06772e+10,-13018.1,-36549.7,-9.59179e+10,4.00218e+10,-12813,-36627.8
-9.61449e+10,3.93609e+10,-12608.9,-36713,-9.63683e+10,3.87056e+10,-12403.8,-36791.2
-9.65879e+10,3.80418e+10,-12198.2,-36873.7,-9.67927e+10,3.73865e+10,-11993.1,-36951.9
-9.70048e+10,3.67199e+10,-11786.1,-37031.8,-9.72096e+10,3.60441e+10,-11576.1,-37109.9
-9.74143e+10,3.53747e+10,-11367.7,-37187.2,-9.76191e+10,3.46989e+10,-11157.7,-37265.3
-9.78161e+10,3.40267e+10,-10948,-37339.9,-9.80209e+10,3.33509e+10,-10738,-37418
-9.82104e+10,3.26761e+10,-10527,-37489.8,-9.84152e+10,3.20002e+10,-10317.1,-37567.9
-9.85971e+10,3.13228e+10,-10104.9,-37636.9,-9.87609e+10,3.06469e+10,-9890.04,-37695.5
-9.89351e+10,2.99672e+10,-9676.62,-37761.8,-9.9099e+10,2.92914e+10,-9461.78,-37820.4
-9.92654e+10,2.86094e+10,-9247.19,-37883.8,-9.94293e+10,2.79234e+10,-9032.35,-37942.4
-9.9588e+10,2.72393e+10,-8816.67,-38002.9,-9.97518e+10,2.65532e+10,-8601.83,-38061.5
-9.99027e+10,2.58671e+10,-8385.13,-38119.2,-1.00067e+11,2.5181e+10,-8166.6,-38177.8
-1.0021e+11,2.44928e+10,-7948.97,-38232.6,-1.00333e+11,2.38067e+10,-7731.05,-38291.2
-1.00468e+11,2.31165e+10,-7512.41,-38343.1,-1.00591e+11,2.24302e+10,-7292.69,-38401.6
-1.00718e+11,2.1738e+10,-7073.12,-38450.6,-1.00841e+11,2.10417e+10,-6853.39,-38489.7
-1.0096e+11,2.03481e+10,-6632.97,-38535.7,-1.01083e+11,1.96518e+10,-6411.58,-38574.7
-1.01195e+11,1.89566e+10,-6190.39,-38617.7,-1.01317e+11,1.82603e+10,-5968.22,-38656.8
-1.01421e+11,1.75638e+10,-5746.35,-38696.8,-1.01513e+11,1.68674e+10,-5524.18,-38735.8
-1.01609e+11,1.61695e+10,-5301.59,-38772.8,-1.01691e+11,1.54732e+10,-5079.42,-38811.9
-1.01778e+11,1.4774e+10,-4856.16,-38845.9,-1.0186e+11,1.40725e+10,-4631.55,-38884.9
-1.01939e+11,1.3372e+10,-4407.69,-38915.9,-1.02021e+11,1.26706e+10,-4183.09,-38936.7
-1.02093e+11,1.19692e+10,-3958.73,-38964.6,-1.02174e+11,1.12678e+10,-3734.12,-38984.1
-1.02238e+11,1.05656e+10,-3509.35,-39008.9,-1.02296e+11,9.86418e+09,-3284.74,-39028.4
-1.02351e+11,9.16127e+09,-3059.55,-39050.1,-1.02392e+11,8.45936e+09,-2833.72,-39069.7
-1.02439e+11,7.75577e+09,-2608.13,-39088.3,-1.0248e+11,7.05177e+09,-2382.3,-39107.8
-1.02519e+11,6.34754e+09,-2156.39,-39123.4,-1.0256e+11,5.64354e+09,-1930.55,-39142.9
-1.02591e+11,4.93874e+09,-1704.42,-39155.4,-1.02631e+11,4.23463e+09,-1477.98,-39169.5
-1.02654e+11,3.52941e+09,-1251.71,-39178.8,-1.02675e+11,2.82412e+09,-1025.27,-39178.8
-1.02689e+11,2.11879e+09,-798.868,-39185.1,-1.02689e+11,1.41351e+09,-572.427,-39185.1
-1.02695e+11,7.08116e+08,-345.899,-39188.2,-1.02695e+11,2.73546e+06,-119.308,-39188.2
-1.02693e+11,-7.02655e+08,107.258,-39188.2,-1.02693e+11,-1.40794e+09,333.787,-39188.2
-1.02683e+11,-2.11327e+09,560.297,-39185.1,-1.02683e+11,-2.81856e+09,786.737,-39185.1
